age,meals_per_day,exercise_level,bmr,carbs,proteins,fats,calories
29,3,0,1901.25,285.188,114.075,76.05,2281.502
25,3,4,1275.25,302.872,121.149,80.766,2422.978
23,2,0,1652.5,247.875,99.15,66.1,1983.0
22,3,0,2065.0,309.75,123.9,82.6,2478.0
19,3,2,1673.75,324.289,129.716,86.477,2594.313
24,2,0,1616.25,242.438,96.975,64.65,1939.502
30,3,0,1723.75,258.562,103.425,68.95,2068.498
16,4,0,1636.25,245.438,98.175,65.45,1963.502
23,4,0,2133.75,320.062,128.025,85.35,2560.498
23,3,0,1430.0,214.5,85.8,57.2,1716.0
32,2,0,1336.25,200.438,80.175,53.45,1603.502
18,2,1,2140.0,367.812,147.125,98.083,2942.495
22,3,0,1127.75,169.162,67.665,45.11,1353.298
25,3,3,1651.25,356.051,142.42,94.947,2848.407
26,3,0,1445.0,216.75,86.7,57.8,1734.0
22,2,0,1676.25,251.438,100.575,67.05,2011.502
20,3,0,1567.5,235.125,94.05,62.7,1881.0
24,2,0,1847.5,277.125,110.85,73.9,2217.0
44,4,0,1570.25,235.538,94.215,62.81,1884.302
21,2,1,1850.0,317.969,127.188,84.792,2543.756
34,3,0,1683.75,252.562,101.025,67.35,2020.498
20,3,0,1413.75,212.062,84.825,56.55,1696.498
36,3,0,1993.75,299.062,119.625,79.75,2392.498
28,2,0,1430.25,214.538,85.815,57.21,1716.302
21,3,2,1600.0,310.0,124.0,82.667,2480.003
22,2,0,1995.0,299.25,119.7,79.8,2394.0
22,3,0,1357.75,203.662,81.465,54.31,1629.298
24,4,1,1576.25,270.918,108.367,72.245,2167.345
24,2,0,1705.0,255.75,102.3,68.2,2046.0
52,3,0,1359.0,203.85,81.54,54.36,1630.8
21,4,4,1665.0,395.438,158.175,105.45,3163.502
51,3,0,1322.5,198.375,79.35,52.9,1587.0
30,2,1,1815.0,311.953,124.781,83.188,2495.628
21,3,0,1350.0,202.5,81.0,54.0,1620.0
26,2,0,1363.75,204.562,81.825,54.55,1636.498
24,3,0,1973.75,296.062,118.425,78.95,2368.498
22,3,0,2026.25,303.938,121.575,81.05,2431.502
29,2,1,1532.75,263.441,105.377,70.251,2107.531
21,3,0,1620.0,243.0,97.2,64.8,1944.0
22,3,0,1776.25,266.438,106.575,71.05,2131.502
32,3,0,1526.5,228.975,91.59,61.06,1831.8
37,2,0,1402.75,210.412,84.165,56.11,1683.298
25,3,0,1920.0,288.0,115.2,76.8,2304.0
24,2,0,1360.25,204.038,81.615,54.41,1632.302
35,3,0,1468.75,220.312,88.125,58.75,1762.498
29,3,0,1624.0,243.6,97.44,64.96,1948.8
26,2,1,1916.25,329.355,131.742,87.828,2634.84
26,3,0,1877.5,281.625,112.65,75.1,2253.0
34,2,0,1199.0,179.85,71.94,47.96,1438.8
28,3,0,2017.5,302.625,121.05,80.7,2421.0
27,3,0,1455.25,218.288,87.315,58.21,1746.302
21,2,0,1672.75,250.912,100.365,66.91,2007.298
44,3,0,1316.25,197.438,78.975,52.65,1579.502
22,4,0,1290.25,193.538,77.415,51.61,1548.302
35,3,0,1464.0,219.6,87.84,58.56,1756.8
24,3,0,1799.0,269.85,107.94,71.96,2158.8
40,3,0,1346.5,201.975,80.79,53.86,1615.8
21,4,0,1421.5,213.225,85.29,56.86,1705.8
22,2,0,1190.25,178.538,71.415,47.61,1428.302
22,2,0,1147.75,172.162,68.865,45.91,1377.298
23,3,1,1424.0,244.75,97.9,65.267,1958.003
21,4,1,1215.25,208.871,83.548,55.699,1670.967
23,4,4,1722.5,409.094,163.638,109.092,3272.756
23,4,1,1790.0,307.656,123.062,82.042,2461.25
21,3,3,1562.5,336.914,134.766,89.844,2695.316
20,3,0,1389.0,208.35,83.34,55.56,1666.8
22,3,0,1326.25,198.938,79.575,53.05,1591.502
30,4,0,1916.25,287.438,114.975,76.65,2299.502
20,3,0,1230.25,184.538,73.815,49.21,1476.302
30,3,0,1629.0,244.35,97.74,65.16,1954.8
36,3,0,1385.0,207.75,83.1,55.4,1662.0
23,2,0,1300.0,195.0,78.0,52.0,1560.0
19,3,0,1868.75,280.312,112.125,74.75,2242.498
25,3,0,1991.25,298.688,119.475,79.65,2389.502
22,4,0,1798.75,269.812,107.925,71.95,2158.498
41,3,0,1828.75,274.312,109.725,73.15,2194.498
32,3,0,2065.0,309.75,123.9,82.6,2478.0
21,3,0,1500.0,225.0,90.0,60.0,1800.0
36,3,0,1099.0,164.85,65.94,43.96,1318.8
19,2,0,1350.0,202.5,81.0,54.0,1620.0
32,4,0,1986.25,297.938,119.175,79.45,2383.502
18,3,0,1345.25,201.788,80.715,53.81,1614.302
19,2,1,1265.25,217.465,86.986,57.991,1739.723
18,2,1,1643.75,282.52,113.008,75.339,2260.163
23,3,0,1451.25,217.688,87.075,58.05,1741.502
21,4,0,1704.0,255.6,102.24,68.16,2044.8
22,4,0,1324.0,198.6,79.44,52.96,1588.8
31,2,0,1445.25,216.788,86.715,57.81,1734.302
20,3,3,1119.0,241.284,96.514,64.342,1930.27
23,3,0,1990.0,298.5,119.4,79.6,2388.0
22,4,0,1297.75,194.662,77.865,51.91,1557.298
21,3,4,1530.0,363.375,145.35,96.9,2907.0
16,3,2,1586.25,307.336,122.934,81.956,2458.684
25,2,0,1992.5,298.875,119.55,79.7,2391.0
37,3,0,1530.25,229.538,91.815,61.21,1836.302
22,3,1,1556.25,267.48,106.992,71.328,2139.84
25,3,0,1164.0,174.6,69.84,46.56,1396.8
35,3,0,1482.75,222.412,88.965,59.31,1779.298
30,3,0,1576.5,236.475,94.59,63.06,1891.8
28,3,0,1486.25,222.938,89.175,59.45,1783.502
20,2,0,1365.25,204.788,81.915,54.61,1638.302
58,2,0,1136.5,170.475,68.19,45.46,1363.8
21,2,0,1454.0,218.1,87.24,58.16,1744.8
22,3,0,1197.75,179.662,71.865,47.91,1437.298
21,2,0,1615.25,242.288,96.915,64.61,1938.302
20,3,0,1467.5,220.125,88.05,58.7,1761.0
26,2,2,1397.75,270.814,108.326,72.217,2166.513
37,2,1,1518.75,261.035,104.414,69.609,2088.277
41,3,0,1685.25,252.788,101.115,67.41,2022.302
46,3,1,1079.0,185.453,74.181,49.454,1483.622
35,3,0,1539.0,230.85,92.34,61.56,1846.8
25,3,0,1564.0,234.6,93.84,62.56,1876.8
25,3,1,1962.5,337.305,134.922,89.948,2698.44
22,3,0,1376.25,206.438,82.575,55.05,1651.502
26,3,0,1476.25,221.438,88.575,59.05,1771.502
24,2,4,1585.0,376.438,150.575,100.383,3011.499
18,3,0,1280.25,192.038,76.815,51.21,1536.302
18,2,0,1349.0,202.35,80.94,53.96,1618.8
23,3,0,1881.25,282.188,112.875,75.25,2257.502
26,3,0,1680.25,252.038,100.815,67.21,2016.302
40,3,0,1039.0,155.85,62.34,41.56,1246.8
25,2,3,1304.0,281.175,112.47,74.98,2249.4
35,4,0,1970.0,295.5,118.2,78.8,2364.0
22,2,0,1567.5,235.125,94.05,62.7,1881.0
22,4,0,1691.5,253.725,101.49,67.66,2029.8
34,3,0,1973.75,296.062,118.425,78.95,2368.498
25,4,0,1892.5,283.875,113.55,75.7,2271.0
25,2,0,1722.5,258.375,103.35,68.9,2067.0
25,2,0,1175.25,176.288,70.515,47.01,1410.302
24,4,1,1647.5,283.164,113.266,75.51,2265.31
41,4,0,1482.75,222.412,88.965,59.31,1779.298
39,2,0,1372.75,205.912,82.365,54.91,1647.298
18,3,0,1795.0,269.25,107.7,71.8,2154.0
23,4,4,1831.25,434.922,173.969,115.979,3479.375
23,3,0,1412.75,211.912,84.765,56.51,1695.298
26,2,0,1796.25,269.438,107.775,71.85,2155.502
17,2,0,1888.75,283.312,113.325,75.55,2266.498
22,3,0,2075.0,311.25,124.5,83.0,2490.0
25,2,0,1338.75,200.812,80.325,53.55,1606.498
26,3,1,1817.5,312.383,124.953,83.302,2499.062
22,3,0,1084.0,162.6,65.04,43.36,1300.8
25,2,0,1445.25,216.788,86.715,57.81,1734.302
20,3,0,1480.25,222.038,88.815,59.21,1776.302
23,3,3,1922.5,414.539,165.816,110.544,3316.316
32,3,0,1157.75,173.662,69.465,46.31,1389.298
21,3,3,1581.25,340.957,136.383,90.922,2727.658
25,3,0,1371.25,205.688,82.275,54.85,1645.502
25,3,0,1462.5,219.375,87.75,58.5,1755.0
23,4,1,1672.5,287.461,114.984,76.656,2299.684
23,2,0,1394.0,209.1,83.64,55.76,1672.8
23,2,1,1662.5,285.742,114.297,76.198,2285.938
23,3,0,1511.25,226.688,90.675,60.45,1813.502
22,3,0,1607.5,241.125,96.45,64.3,1929.0
25,3,0,1402.5,210.375,84.15,56.1,1683.0
25,3,0,1331.25,199.688,79.875,53.25,1597.502
23,4,0,1474.0,221.1,88.44,58.96,1768.8
18,2,0,1695.0,254.25,101.7,67.8,2034.0
21,3,0,1391.25,208.688,83.475,55.65,1669.502
18,3,0,1515.0,227.25,90.9,60.6,1818.0
22,3,2,1536.25,297.648,119.059,79.373,2381.185
25,3,0,2040.0,306.0,122.4,81.6,2448.0
24,2,0,1750.0,262.5,105.0,70.0,2100.0
22,2,0,1479.0,221.85,88.74,59.16,1774.8
22,3,0,1445.0,216.75,86.7,57.8,1734.0
32,3,4,1646.25,390.984,156.394,104.262,3127.87
22,2,4,1677.5,398.406,159.362,106.242,3187.25
30,3,0,1853.75,278.062,111.225,74.15,2224.498
20,4,0,1570.25,235.538,94.215,62.81,1884.302
59,2,0,1170.25,175.538,70.215,46.81,1404.302
17,3,0,1645.0,246.75,98.7,65.8,1974.0
26,3,0,1485.25,222.788,89.115,59.41,1782.302
44,3,0,1450.25,217.538,87.015,58.01,1740.302
40,3,1,1389.0,238.734,95.494,63.662,1909.87
19,3,0,1622.5,243.375,97.35,64.9,1947.0
28,2,0,1105.25,165.788,66.315,44.21,1326.302
24,3,0,2073.75,311.062,124.425,82.95,2488.498
27,3,0,1225.25,183.788,73.515,49.01,1470.302
22,3,3,1519.0,327.534,131.014,87.342,2620.27
24,4,0,1227.75,184.162,73.665,49.11,1473.298
21,3,0,1202.75,180.412,72.165,48.11,1443.298
20,2,4,1941.25,461.047,184.419,122.946,3688.378
23,2,0,1611.25,241.688,96.675,64.45,1933.502
22,2,0,1310.25,196.538,78.615,52.41,1572.302
24,3,0,2096.25,314.438,125.775,83.85,2515.502
24,3,0,1393.75,209.062,83.625,55.75,1672.498
34,2,0,1279.0,191.85,76.74,51.16,1534.8
23,3,0,2071.25,310.688,124.275,82.85,2485.502
22,3,0,1807.5,271.125,108.45,72.3,2169.0
21,2,0,1184.0,177.6,71.04,47.36,1420.8
36,3,0,1975.0,296.25,118.5,79.0,2370.0
22,2,0,1708.75,256.312,102.525,68.35,2050.498
33,2,0,1140.25,171.038,68.415,45.61,1368.302
23,2,0,1732.5,259.875,103.95,69.3,2079.0
21,3,0,1462.5,219.375,87.75,58.5,1755.0
34,3,0,1333.75,200.062,80.025,53.35,1600.498
23,3,0,1254.0,188.1,75.24,50.16,1504.8
27,3,0,1991.25,298.688,119.475,79.65,2389.502
51,4,0,1550.0,232.5,93.0,62.0,1860.0
23,4,0,1622.5,243.375,97.35,64.9,1947.0
23,3,0,2051.25,307.688,123.075,82.05,2461.502
33,2,0,1310.25,196.538,78.615,52.41,1572.302
23,2,0,1628.75,244.312,97.725,65.15,1954.498
24,2,1,1937.5,333.008,133.203,88.802,2664.062
27,3,0,1174.0,176.1,70.44,46.96,1408.8
23,3,0,1361.25,204.188,81.675,54.45,1633.502
21,3,2,1415.25,274.205,109.682,73.121,2193.637
45,3,0,1323.75,198.562,79.425,52.95,1588.498
33,3,0,1620.0,243.0,97.2,64.8,1944.0
15,2,3,1464.0,315.675,126.27,84.18,2525.4
27,3,0,1510.25,226.538,90.615,60.41,1812.302
23,2,2,1802.5,349.234,139.694,93.129,2793.873
24,2,0,1303.75,195.562,78.225,52.15,1564.498
31,2,0,1815.25,272.287,108.915,72.61,2178.298
23,2,0,1971.25,295.688,118.275,78.85,2365.502
24,3,2,1647.5,319.203,127.681,85.121,2553.625
54,4,0,1430.25,214.538,85.815,57.21,1716.302
24,3,0,1897.5,284.625,113.85,75.9,2277.0
28,2,1,1169.0,200.922,80.369,53.579,1607.375
38,3,0,2045.0,306.75,122.7,81.8,2454.0
25,2,1,1230.25,211.449,84.58,56.386,1691.59
58,2,0,1300.25,195.038,78.015,52.01,1560.302
21,3,4,1255.25,298.122,119.249,79.499,2384.975
23,3,0,1692.5,253.875,101.55,67.7,2031.0
35,3,0,2011.25,301.688,120.675,80.45,2413.502
23,3,0,1520.0,228.0,91.2,60.8,1824.0
26,3,0,1996.25,299.438,119.775,79.85,2395.502
24,3,0,1778.75,266.812,106.725,71.15,2134.498
25,3,0,1420.0,213.0,85.2,56.8,1704.0
37,2,0,1435.25,215.288,86.115,57.41,1722.302
50,2,0,1189.0,178.35,71.34,47.56,1426.8
25,3,0,1816.25,272.438,108.975,72.65,2179.502
29,3,0,1570.25,235.538,94.215,62.81,1884.302
24,2,0,1827.5,274.125,109.65,73.1,2193.0
20,2,1,1237.75,212.738,85.095,56.73,1701.902
21,3,0,1613.75,242.062,96.825,64.55,1936.498
33,3,0,1441.25,216.188,86.475,57.65,1729.502
22,2,2,1777.5,344.391,137.756,91.838,2755.13
18,3,2,1790.0,346.812,138.725,92.483,2774.495
49,3,0,1189.0,178.35,71.34,47.56,1426.8
21,3,0,1553.75,233.062,93.225,62.15,1864.498
54,2,0,1014.0,152.1,60.84,40.56,1216.8
24,2,0,1331.5,199.725,79.89,53.26,1597.8
26,3,0,1806.25,270.938,108.375,72.25,2167.502
28,2,1,1907.5,327.852,131.141,87.427,2622.815
21,2,1,1667.75,286.645,114.658,76.439,2293.163
30,2,0,1890.0,283.5,113.4,75.6,2268.0
29,4,0,1930.0,289.5,115.8,77.2,2316.0
41,4,0,1320.25,198.038,79.215,52.81,1584.302
23,3,2,1720.0,333.25,133.3,88.867,2666.003
40,3,0,1306.5,195.975,78.39,52.26,1567.8
42,3,0,1569.0,235.35,94.14,62.76,1882.8
23,3,4,1673.75,397.516,159.006,106.004,3180.124
30,4,0,1657.75,248.662,99.465,66.31,1989.298
28,4,0,1823.75,273.562,109.425,72.95,2188.498
23,2,0,1758.75,263.812,105.525,70.35,2110.498
22,3,0,1555.0,233.25,93.3,62.2,1866.0
27,2,1,1294.0,222.406,88.962,59.308,1779.244
22,4,4,1718.75,408.203,163.281,108.854,3265.622
21,2,0,1172.75,175.912,70.365,46.91,1407.298
20,4,2,1551.5,300.603,120.241,80.161,2404.825
26,3,1,1726.25,296.699,118.68,79.12,2373.596
25,3,0,1364.0,204.6,81.84,54.56,1636.8
25,3,0,1398.75,209.812,83.925,55.95,1678.498
46,3,0,1545.25,231.788,92.715,61.81,1854.302
22,3,0,1457.5,218.625,87.45,58.3,1749.0
34,2,0,1399.0,209.85,83.94,55.96,1678.8
23,2,0,1202.75,180.412,72.165,48.11,1443.298
25,3,0,1858.75,278.812,111.525,74.35,2230.498
22,3,1,1229.0,211.234,84.494,56.329,1689.873
19,3,0,1791.25,268.688,107.475,71.65,2149.502
22,3,0,1888.75,283.312,113.325,75.55,2266.498
23,3,0,1633.75,245.062,98.025,65.35,1960.498
19,3,1,2066.25,355.137,142.055,94.703,2841.095
22,4,3,1410.25,304.085,121.634,81.089,2432.677
21,4,4,1652.5,392.469,156.988,104.658,3139.75
23,3,0,1828.75,274.312,109.725,73.15,2194.498
28,4,0,1765.0,264.75,105.9,70.6,2118.0
22,3,1,1307.75,224.77,89.908,59.939,1798.163
23,3,0,1933.75,290.062,116.025,77.35,2320.498
25,4,0,1309.0,196.35,78.54,52.36,1570.8
19,3,1,1304.0,224.125,89.65,59.767,1793.003
50,3,0,1359.0,203.85,81.54,54.36,1630.8
20,3,1,1626.25,279.512,111.805,74.536,2236.092
32,3,0,1376.25,206.438,82.575,55.05,1651.502
35,2,0,1275.25,191.288,76.515,51.01,1530.302
48,4,0,1226.5,183.975,73.59,49.06,1471.8
21,3,0,1352.75,202.912,81.165,54.11,1623.298
25,3,0,1551.5,232.725,93.09,62.06,1861.8
20,3,1,1339.0,230.141,92.056,61.371,1841.127
23,3,0,1472.5,220.875,88.35,58.9,1767.0
20,2,0,1439.0,215.85,86.34,57.56,1726.8
24,2,0,1406.25,210.938,84.375,56.25,1687.502
30,3,1,1876.25,322.48,128.992,85.995,2579.843
48,3,0,1204.0,180.6,72.24,48.16,1444.8
22,2,0,1626.25,243.938,97.575,65.05,1951.502
23,2,0,1661.25,249.188,99.675,66.45,1993.502
22,3,0,2085.0,312.75,125.1,83.4,2502.0
22,3,2,1257.75,243.689,97.476,64.984,1949.516
19,2,3,1773.75,382.465,152.986,101.991,3059.723
25,4,0,1294.0,194.1,77.64,51.76,1552.8
25,3,0,2033.75,305.062,122.025,81.35,2440.498
23,3,0,1642.5,246.375,98.55,65.7,1971.0
27,3,1,1167.75,200.707,80.283,53.522,1605.658
26,2,0,1805.0,270.75,108.3,72.2,2166.0
22,3,4,1287.75,305.841,122.336,81.557,2446.721
25,4,0,1654.0,248.1,99.24,66.16,1984.8
26,3,0,2027.5,304.125,121.65,81.1,2433.0
26,2,0,1876.25,281.438,112.575,75.05,2251.502
27,4,0,1422.75,213.412,85.365,56.91,1707.298
23,3,4,1691.25,401.672,160.669,107.112,3213.372
21,4,4,1630.0,387.125,154.85,103.233,3096.997
42,3,0,1945.0,291.75,116.7,77.8,2334.0
23,4,0,1702.5,255.375,102.15,68.1,2043.0
26,4,0,1554.0,233.1,93.24,62.16,1864.8
21,3,0,1700.0,255.0,102.0,68.0,2040.0
20,2,0,1667.5,250.125,100.05,66.7,2001.0
20,3,0,1486.25,222.938,89.175,59.45,1783.502
27,3,0,1771.25,265.688,106.275,70.85,2125.502
22,3,0,1716.25,257.438,102.975,68.65,2059.502
26,3,0,1537.75,230.662,92.265,61.51,1845.298
24,4,0,1705.0,255.75,102.3,68.2,2046.0
24,2,4,1847.5,438.781,175.513,117.008,3510.248
28,3,0,1415.0,212.25,84.9,56.6,1698.0
28,4,1,2128.75,365.879,146.352,97.568,2927.036
62,3,4,1296.25,307.859,123.144,82.096,2462.876
35,4,0,1668.75,250.312,100.125,66.75,2002.498
25,3,0,1212.75,181.912,72.765,48.51,1455.298
21,3,0,1225.25,183.788,73.515,49.01,1470.302
16,3,2,1190.25,230.611,92.244,61.496,1844.884
33,3,0,1065.25,159.788,63.915,42.61,1278.302
23,2,0,1321.25,198.188,79.275,52.85,1585.502
20,3,0,1180.25,177.038,70.815,47.21,1416.302
23,3,1,1214.0,208.656,83.462,55.642,1669.25
25,4,0,1950.0,292.5,117.0,78.0,2340.0
24,2,0,1097.75,164.662,65.865,43.91,1317.298
24,2,2,1716.25,332.523,133.009,88.673,2660.185
23,3,0,1571.25,235.688,94.275,62.85,1885.502
20,3,0,1297.75,194.662,77.865,51.91,1557.298
22,3,0,1717.5,257.625,103.05,68.7,2061.0
19,4,0,1204.0,180.6,72.24,48.16,1444.8
20,3,2,1567.75,303.752,121.501,81.0,2430.012
22,3,0,1588.75,238.312,95.325,63.55,1906.498
21,3,0,1272.75,190.912,76.365,50.91,1527.298
25,4,3,1906.25,411.035,164.414,109.609,3288.277
50,3,0,1535.25,230.288,92.115,61.41,1842.302
20,3,0,1780.0,267.0,106.8,71.2,2136.0
46,2,0,1040.25,156.038,62.415,41.61,1248.302
18,4,0,1344.0,201.6,80.64,53.76,1612.8
21,2,1,1661.25,285.527,114.211,76.141,2284.221
23,3,0,1722.5,258.375,103.35,68.9,2067.0
23,3,0,1645.0,246.75,98.7,65.8,1974.0
25,2,0,1258.75,188.812,75.525,50.35,1510.498
22,2,0,1611.5,241.725,96.69,64.46,1933.8
42,3,0,1613.75,242.062,96.825,64.55,1936.498
23,2,4,1633.75,388.016,155.206,103.471,3104.127
22,3,0,1801.25,270.188,108.075,72.05,2161.502
27,4,0,1484.0,222.6,89.04,59.36,1780.8
22,3,0,1446.25,216.938,86.775,57.85,1735.502
21,3,0,1812.5,271.875,108.75,72.5,2175.0
20,4,2,1530.25,296.486,118.594,79.063,2371.887
22,2,0,1297.75,194.662,77.865,51.91,1557.298
43,4,0,1748.75,262.312,104.925,69.95,2098.498
25,4,3,1692.5,364.945,145.978,97.319,2919.563
25,3,0,1511.25,226.688,90.675,60.45,1813.502
41,4,0,1300.25,195.038,78.015,52.01,1560.302
28,2,0,1116.5,167.475,66.99,44.66,1339.8
29,3,1,1852.5,318.398,127.359,84.906,2547.182
23,3,0,1971.25,295.688,118.275,78.85,2365.502
22,3,0,1027.75,154.162,61.665,41.11,1233.298
25,4,0,1575.25,236.288,94.515,63.01,1890.302
25,4,0,1614.0,242.1,96.84,64.56,1936.8
21,3,0,1690.0,253.5,101.4,67.6,2028.0
30,3,0,1167.75,175.162,70.065,46.71,1401.298
20,2,0,1375.0,206.25,82.5,55.0,1650.0
25,2,0,1592.5,238.875,95.55,63.7,1911.0
24,2,0,1815.0,272.25,108.9,72.6,2178.0
24,3,0,1886.25,282.938,113.175,75.45,2263.502
22,4,0,1330.25,199.538,79.815,53.21,1596.302
29,3,1,1821.25,313.027,125.211,83.474,2504.218
24,3,1,1688.75,290.254,116.102,77.401,2322.033
30,3,0,1746.25,261.938,104.775,69.85,2095.502
19,2,0,1350.25,202.538,81.015,54.01,1620.302
29,2,0,1872.5,280.875,112.35,74.9,2247.0
30,3,0,1414.0,212.1,84.84,56.56,1696.8
22,3,2,1678.75,325.258,130.103,86.735,2602.059
22,2,0,1895.0,284.25,113.7,75.8,2274.0
61,4,0,1112.75,166.912,66.765,44.51,1335.298
34,3,0,1905.0,285.75,114.3,76.2,2286.0
21,2,0,1314.0,197.1,78.84,52.56,1576.8
20,4,0,1858.75,278.812,111.525,74.35,2230.498
23,2,0,1681.25,252.188,100.875,67.25,2017.502
23,3,1,1713.75,294.551,117.82,78.547,2356.407
23,2,1,1490.0,256.094,102.438,68.292,2048.756
22,3,0,1345.0,201.75,80.7,53.8,1614.0
21,2,0,1540.0,231.0,92.4,61.6,1848.0
32,3,0,1444.0,216.6,86.64,57.76,1732.8
23,3,0,1540.0,231.0,92.4,61.6,1848.0
24,3,0,1399.0,209.85,83.94,55.96,1678.8
28,2,0,1369.0,205.35,82.14,54.76,1642.8
23,2,0,2208.75,331.312,132.525,88.35,2650.498
23,4,0,1635.0,245.25,98.1,65.4,1962.0
43,3,0,1638.75,245.812,98.325,65.55,1966.498
26,3,0,1995.0,299.25,119.7,79.8,2394.0
23,4,0,1571.25,235.688,94.275,62.85,1885.502
27,2,0,1570.0,235.5,94.2,62.8,1884.0
23,4,0,1722.5,258.375,103.35,68.9,2067.0
23,3,0,1930.0,289.5,115.8,77.2,2316.0
26,3,2,1758.75,340.758,136.303,90.869,2726.065
28,3,0,2228.75,334.312,133.725,89.15,2674.498
60,2,0,1289.0,193.35,77.34,51.56,1546.8
25,4,0,2063.75,309.562,123.825,82.55,2476.498
29,3,0,1430.0,214.5,85.8,57.2,1716.0
33,4,0,1691.25,253.688,101.475,67.65,2029.502
23,3,0,2021.25,303.188,121.275,80.85,2425.502
22,3,0,1465.0,219.75,87.9,58.6,1758.0
38,3,0,1344.0,201.6,80.64,53.76,1612.8
23,3,4,1692.5,401.969,160.788,107.192,3215.756
24,3,0,1808.75,271.312,108.525,72.35,2170.498
19,3,0,1612.75,241.912,96.765,64.51,1935.298
34,4,0,1737.5,260.625,104.25,69.5,2085.0
25,3,0,1680.0,252.0,100.8,67.2,2016.0
23,4,2,1761.25,341.242,136.497,90.998,2729.938
21,2,1,1585.25,272.465,108.986,72.657,2179.717
23,3,0,1650.0,247.5,99.0,66.0,1980.0
24,3,0,1140.25,171.038,68.415,45.61,1368.302
50,2,1,1080.25,185.668,74.267,49.511,1485.339
21,3,0,1805.0,270.75,108.3,72.2,2166.0
28,3,0,1475.25,221.288,88.515,59.01,1770.302
18,3,1,2057.5,353.633,141.453,94.302,2829.062
23,3,0,2102.5,315.375,126.15,84.1,2523.0
22,3,0,1406.25,210.938,84.375,56.25,1687.502
18,3,0,1680.25,252.038,100.815,67.21,2016.302
22,3,1,1493.75,256.738,102.695,68.464,2053.908
22,2,0,1393.75,209.062,83.625,55.75,1672.498
21,3,0,1634.0,245.1,98.04,65.36,1960.8
21,2,0,1322.75,198.412,79.365,52.91,1587.298
20,2,0,1536.25,230.438,92.175,61.45,1843.502
24,4,0,1570.25,235.538,94.215,62.81,1884.302
37,3,0,1075.25,161.288,64.515,43.01,1290.302
22,4,0,1626.25,243.938,97.575,65.05,1951.502
34,4,1,1622.5,278.867,111.547,74.365,2230.941
21,3,0,1235.25,185.288,74.115,49.41,1482.302
27,2,1,1728.75,297.129,118.852,79.234,2377.03
19,3,0,1575.25,236.288,94.515,63.01,1890.302
26,3,0,1690.25,253.538,101.415,67.61,2028.302
21,2,1,1608.75,276.504,110.602,73.734,2212.03
31,3,0,1721.25,258.188,103.275,68.85,2065.502
34,3,0,1389.0,208.35,83.34,55.56,1666.8
20,2,0,1365.0,204.75,81.9,54.6,1638.0
21,3,0,1881.25,282.188,112.875,75.25,2257.502
35,2,0,1350.0,202.5,81.0,54.0,1620.0
16,3,0,1720.25,258.037,103.215,68.81,2064.298
18,2,0,1716.25,257.438,102.975,68.65,2059.502
23,3,3,1785.0,384.891,153.956,102.637,3079.121
22,3,0,1865.0,279.75,111.9,74.6,2238.0
45,2,0,1802.5,270.375,108.15,72.1,2163.0
18,2,0,1653.75,248.062,99.225,66.15,1984.498
18,2,1,1367.75,235.082,94.033,62.689,1880.661
22,2,1,1756.25,301.855,120.742,80.495,2414.843
28,2,0,1319.0,197.85,79.14,52.76,1582.8
22,2,0,1357.75,203.662,81.465,54.31,1629.298
21,3,0,1664.0,249.6,99.84,66.56,1996.8
21,3,0,1165.25,174.788,69.915,46.61,1398.302
30,3,0,1673.75,251.062,100.425,66.95,2008.498
22,2,0,1529.0,229.35,91.74,61.16,1834.8
20,2,0,1506.25,225.938,90.375,60.25,1807.502
23,3,0,1374.0,206.1,82.44,54.96,1648.8
75,3,1,1475.0,253.516,101.406,67.604,2028.124
22,4,0,1625.25,243.788,97.515,65.01,1950.302
22,2,0,1260.25,189.038,75.615,50.41,1512.302
30,3,0,1710.25,256.537,102.615,68.41,2052.298
26,2,1,1155.25,198.559,79.423,52.949,1588.469
20,2,4,1187.75,282.091,112.836,75.224,2256.724
22,2,0,1469.0,220.35,88.14,58.76,1762.8
28,3,0,1647.75,247.162,98.865,65.91,1977.298
21,2,1,1762.5,302.93,121.172,80.781,2423.437
20,3,0,1196.5,179.475,71.79,47.86,1435.8
40,3,0,1526.5,228.975,91.59,61.06,1831.8
24,2,0,1124.0,168.6,67.44,44.96,1348.8
40,3,0,1397.5,209.625,83.85,55.9,1677.0
23,3,0,1872.5,280.875,112.35,74.9,2247.0
49,3,0,1632.75,244.912,97.965,65.31,1959.298
19,2,0,1763.75,264.562,105.825,70.55,2116.498
24,3,0,1387.75,208.162,83.265,55.51,1665.298
22,4,0,1170.25,175.538,70.215,46.81,1404.302
30,3,0,1437.5,215.625,86.25,57.5,1725.0
28,2,0,1673.75,251.062,100.425,66.95,2008.498
16,2,1,1390.25,238.949,95.58,63.72,1911.596
29,3,0,1422.5,213.375,85.35,56.9,1707.0
30,4,0,1975.0,296.25,118.5,79.0,2370.0
37,3,0,1612.75,241.912,96.765,64.51,1935.298
22,2,0,1380.25,207.038,82.815,55.21,1656.302
25,3,2,1662.5,322.109,128.844,85.896,2576.876
24,3,0,2105.0,315.75,126.3,84.2,2526.0
23,3,3,1324.0,285.488,114.195,76.13,2283.902
23,2,0,1492.75,223.912,89.565,59.71,1791.298
19,2,1,1670.0,287.031,114.812,76.542,2296.25
22,2,0,1565.0,234.75,93.9,62.6,1878.0
24,3,0,1325.0,198.75,79.5,53.0,1590.0
21,2,0,1441.25,216.188,86.475,57.65,1729.502
24,3,0,2056.25,308.438,123.375,82.25,2467.502
41,3,0,1665.25,249.788,99.915,66.61,1998.302
35,3,0,1321.5,198.225,79.29,52.86,1585.8
25,3,0,2060.0,309.0,123.6,82.4,2472.0
28,3,0,1395.0,209.25,83.7,55.8,1674.0
28,2,1,1207.75,207.582,83.033,55.355,1660.655
21,2,2,1122.75,217.533,87.013,58.009,1740.265
23,3,3,1161.5,250.448,100.179,66.786,2003.582
51,2,0,1334.0,200.1,80.04,53.36,1600.8
29,3,0,1650.0,247.5,99.0,66.0,1980.0
50,2,1,1435.0,246.641,98.656,65.771,1973.127
25,2,0,1254.0,188.1,75.24,50.16,1504.8
23,3,0,1595.25,239.288,95.715,63.81,1914.302
28,3,0,1294.0,194.1,77.64,51.76,1552.8
24,3,0,1371.5,205.725,82.29,54.86,1645.8
21,2,2,1325.25,256.767,102.707,68.471,2054.135
22,4,0,1476.5,221.475,88.59,59.06,1771.8
22,4,0,1629.0,244.35,97.74,65.16,1954.8
25,3,0,1324.0,198.6,79.44,52.96,1588.8
24,2,0,1638.75,245.812,98.325,65.55,1966.498
18,4,0,1736.25,260.438,104.175,69.45,2083.502
45,3,0,1100.25,165.038,66.015,44.01,1320.302
22,2,1,1546.25,265.762,106.305,70.87,2126.098
22,3,0,1513.75,227.062,90.825,60.55,1816.498
21,3,4,1805.0,428.688,171.475,114.317,3429.505
29,4,0,1920.0,288.0,115.2,76.8,2304.0
23,3,0,1315.25,197.288,78.915,52.61,1578.302
44,4,0,1195.25,179.288,71.715,47.81,1434.302
23,3,0,1760.0,264.0,105.6,70.4,2112.0
23,3,0,1154.0,173.1,69.24,46.16,1384.8
53,3,0,1302.5,195.375,78.15,52.1,1563.0
20,3,0,1346.25,201.938,80.775,53.85,1615.502
23,3,0,1550.0,232.5,93.0,62.0,1860.0
22,3,0,2070.0,310.5,124.2,82.8,2484.0
21,3,0,1600.0,240.0,96.0,64.0,1920.0
24,3,0,1865.0,279.75,111.9,74.6,2238.0
35,4,0,1630.0,244.5,97.8,65.2,1956.0
21,2,0,1588.75,238.312,95.325,63.55,1906.498
26,2,0,1598.75,239.812,95.925,63.95,1918.498
44,3,1,1087.75,186.957,74.783,49.855,1495.655
47,2,0,1302.75,195.412,78.165,52.11,1563.298
22,2,1,1289.0,221.547,88.619,59.079,1772.375
22,2,0,1800.0,270.0,108.0,72.0,2160.0
36,3,0,1027.75,154.162,61.665,41.11,1233.298
22,4,3,1626.25,350.66,140.264,93.509,2805.277
26,3,0,1535.0,230.25,92.1,61.4,1842.0
15,3,4,1420.0,337.25,134.9,89.933,2697.997
21,2,0,1781.25,267.188,106.875,71.25,2137.502
54,2,0,1195.25,179.288,71.715,47.81,1434.302
23,3,3,1702.5,367.102,146.841,97.894,2936.818
23,3,1,1611.25,276.934,110.773,73.849,2215.469
59,3,4,1055.25,250.622,100.249,66.832,2004.972
23,2,0,1660.0,249.0,99.6,66.4,1992.0
23,4,0,1162.75,174.412,69.765,46.51,1395.298
31,3,0,1711.25,256.688,102.675,68.45,2053.502
22,4,0,2088.75,313.312,125.325,83.55,2506.498
30,3,0,1476.25,221.438,88.575,59.05,1771.502
22,2,0,1590.25,238.538,95.415,63.61,1908.302
23,2,0,1265.25,189.788,75.915,50.61,1518.302
23,2,4,1803.75,428.391,171.356,114.238,3427.13
26,4,0,1756.25,263.438,105.375,70.25,2107.502
24,4,3,1897.5,409.148,163.659,109.106,3273.182
28,4,0,1802.75,270.412,108.165,72.11,2163.298
30,3,0,1529.0,229.35,91.74,61.16,1834.8
22,3,0,2156.25,323.438,129.375,86.25,2587.502
28,3,0,1873.75,281.062,112.425,74.95,2248.498
27,4,0,1446.5,216.975,86.79,57.86,1735.8
20,4,0,1705.0,255.75,102.3,68.2,2046.0
31,4,0,1690.0,253.5,101.4,67.6,2028.0
21,2,1,1571.25,270.059,108.023,72.016,2160.472
44,3,0,1117.75,167.662,67.065,44.71,1341.298
23,2,1,1601.25,275.215,110.086,73.391,2201.723
24,3,0,1470.25,220.538,88.215,58.81,1764.302
30,2,0,1286.25,192.938,77.175,51.45,1543.502
21,3,0,1574.0,236.1,94.44,62.96,1888.8
22,3,3,1545.0,333.141,133.256,88.838,2665.13
30,3,0,1554.0,233.1,93.24,62.16,1864.8
50,3,0,1315.0,197.25,78.9,52.6,1578.0
38,3,0,1049.0,157.35,62.94,41.96,1258.8
27,3,0,1465.25,219.788,87.915,58.61,1758.302
23,3,0,1310.25,196.538,78.615,52.41,1572.302
21,3,0,2192.5,328.875,131.55,87.7,2631.0
23,3,0,1605.25,240.788,96.315,64.21,1926.302
25,3,1,1961.25,337.09,134.836,89.891,2696.723
25,3,0,1998.75,299.812,119.925,79.95,2398.498
22,2,2,1607.5,311.453,124.581,83.054,2491.622
23,4,0,1675.25,251.288,100.515,67.01,2010.302
20,3,0,1286.25,192.938,77.175,51.45,1543.502
21,2,0,1204.0,180.6,72.24,48.16,1444.8
22,2,0,1381.25,207.188,82.875,55.25,1657.502
22,3,0,2035.0,305.25,122.1,81.4,2442.0
27,3,0,1624.0,243.6,97.44,64.96,1948.8
21,2,1,1352.75,232.504,93.002,62.001,1860.033
32,3,0,1743.75,261.562,104.625,69.75,2092.498
21,3,0,1145.25,171.788,68.715,45.81,1374.302
23,3,0,1391.25,208.688,83.475,55.65,1669.502
22,2,1,1246.5,214.242,85.697,57.131,1713.935
29,2,1,1871.25,321.621,128.648,85.766,2572.97
61,3,0,1094.0,164.1,65.64,43.76,1312.8
22,3,1,1976.25,339.668,135.867,90.578,2717.342
22,2,0,1545.0,231.75,92.7,61.8,1854.0
23,3,0,1451.5,217.725,87.09,58.06,1741.8
23,3,2,1792.5,347.297,138.919,92.612,2778.372
22,4,1,1565.0,268.984,107.594,71.729,2151.873
22,2,2,1390.25,269.361,107.744,71.83,2154.89
49,3,0,1631.25,244.688,97.875,65.25,1957.502
27,3,0,1135.25,170.288,68.115,45.41,1362.302
23,2,2,1464.0,283.65,113.46,75.64,2269.2
22,3,0,1356.25,203.438,81.375,54.25,1627.502
29,4,0,2033.75,305.062,122.025,81.35,2440.498
31,3,0,1928.75,289.312,115.725,77.15,2314.498
22,2,0,1510.25,226.538,90.615,60.41,1812.302
50,3,0,1176.5,176.475,70.59,47.06,1411.8
50,3,0,1120.25,168.038,67.215,44.81,1344.302
24,4,2,1369.0,265.244,106.098,70.732,2121.956
20,2,2,1400.25,271.298,108.519,72.346,2170.382
24,3,0,2116.25,317.438,126.975,84.65,2539.502
22,2,0,931.5,139.725,55.89,37.26,1117.8
40,4,0,2048.75,307.312,122.925,81.95,2458.498
23,3,1,1760.0,302.5,121.0,80.667,2420.003
27,3,0,1391.25,208.688,83.475,55.65,1669.502
35,3,0,1678.75,251.812,100.725,67.15,2014.498
27,4,0,1890.0,283.5,113.4,75.6,2268.0
22,3,0,1977.5,296.625,118.65,79.1,2373.0
25,2,4,1741.25,413.547,165.419,110.279,3308.375
47,3,0,1591.5,238.725,95.49,63.66,1909.8
26,4,2,1531.5,296.728,118.691,79.128,2373.828
24,3,0,1485.25,222.788,89.115,59.41,1782.302
23,3,1,1601.25,275.215,110.086,73.391,2201.723
28,3,0,1130.25,169.538,67.815,45.21,1356.302
22,2,0,1439.0,215.85,86.34,57.56,1726.8
29,4,0,1289.0,193.35,77.34,51.56,1546.8
28,3,0,1606.25,240.938,96.375,64.25,1927.502
40,3,0,1597.75,239.662,95.865,63.91,1917.298
22,3,0,1580.25,237.038,94.815,63.21,1896.302
20,2,0,1197.75,179.662,71.865,47.91,1437.298
20,2,1,1626.25,279.512,111.805,74.536,2236.092
22,3,2,1640.0,317.75,127.1,84.733,2541.997
22,4,4,1676.25,398.109,159.244,106.162,3184.87
47,3,0,1550.25,232.538,93.015,62.01,1860.302
27,2,1,1721.25,295.84,118.336,78.891,2366.723
24,4,2,1798.75,348.508,139.403,92.935,2788.059
27,3,0,2061.25,309.188,123.675,82.45,2473.502
18,3,1,1911.5,328.539,131.416,87.61,2628.31
31,3,0,1144.0,171.6,68.64,45.76,1372.8
24,3,0,1565.25,234.788,93.915,62.61,1878.302
19,4,0,1310.25,196.538,78.615,52.41,1572.302
28,3,0,1229.0,184.35,73.74,49.16,1474.8
29,2,0,1870.0,280.5,112.2,74.8,2244.0
25,3,2,1701.25,329.617,131.847,87.898,2636.938
20,3,0,2015.0,302.25,120.9,80.6,2418.0
51,3,0,1281.25,192.188,76.875,51.25,1537.502
48,3,0,1720.25,258.037,103.215,68.81,2064.298
24,2,2,1607.5,311.453,124.581,83.054,2491.622
36,4,0,1426.5,213.975,85.59,57.06,1711.8
23,3,1,1621.25,278.652,111.461,74.307,2229.215
30,3,0,1456.25,218.438,87.375,58.25,1747.502
40,3,0,1885.0,282.75,113.1,75.4,2262.0
22,2,0,1497.75,224.662,89.865,59.91,1797.298
30,3,0,1415.0,212.25,84.9,56.6,1698.0
17,2,0,1282.75,192.412,76.965,51.31,1539.298
26,3,0,1555.25,233.288,93.315,62.21,1866.302
30,2,0,1407.75,211.162,84.465,56.31,1689.298
45,3,0,1452.75,217.912,87.165,58.11,1743.298
22,2,0,1207.75,181.162,72.465,48.31,1449.298
41,4,0,1101.5,165.225,66.09,44.06,1321.8
29,3,0,1991.25,298.688,119.475,79.65,2389.502
22,3,0,1469.0,220.35,88.14,58.76,1762.8
23,3,3,1425.25,307.32,122.928,81.952,2458.56
33,3,0,2048.75,307.312,122.925,81.95,2458.498
19,3,0,1594.0,239.1,95.64,63.76,1912.8
27,3,0,1790.0,268.5,107.4,71.6,2148.0
49,2,1,1430.0,245.781,98.312,65.542,1966.25
25,2,0,1742.5,261.375,104.55,69.7,2091.0
16,3,4,1696.25,402.859,161.144,107.429,3222.873
43,4,0,1269.0,190.35,76.14,50.76,1522.8
24,3,0,2066.25,309.938,123.975,82.65,2479.502
22,2,0,1775.0,266.25,106.5,71.0,2130.0
22,3,0,1968.75,295.312,118.125,78.75,2362.498
23,3,4,1652.5,392.469,156.988,104.658,3139.75
23,3,0,1324.0,198.6,79.44,52.96,1588.8
25,4,0,1382.75,207.412,82.965,55.31,1659.298
23,2,0,1378.75,206.812,82.725,55.15,1654.498
39,2,1,1075.25,184.809,73.923,49.282,1478.466
56,3,0,1356.25,203.438,81.375,54.25,1627.502
24,3,0,1412.75,211.912,84.765,56.51,1695.298
42,4,0,1633.75,245.062,98.025,65.35,1960.498
25,3,1,1335.25,229.496,91.798,61.199,1835.967
35,3,0,1350.0,202.5,81.0,54.0,1620.0
22,2,4,1237.75,293.966,117.586,78.391,2351.727
55,3,0,1578.75,236.812,94.725,63.15,1894.498
22,2,0,1795.0,269.25,107.7,71.8,2154.0
25,3,0,2031.25,304.688,121.875,81.25,2437.502
20,3,0,2065.0,309.75,123.9,82.6,2478.0
23,3,2,1521.25,294.742,117.897,78.598,2357.938
25,4,0,1664.0,249.6,99.84,66.56,1996.8
19,2,1,1640.0,281.875,112.75,75.167,2255.003
23,4,0,1871.25,280.688,112.275,74.85,2245.502
21,4,4,1768.75,420.078,168.031,112.021,3360.625
20,2,0,1546.25,231.938,92.775,61.85,1855.502
23,3,0,2070.0,310.5,124.2,82.8,2484.0
25,3,0,1202.75,180.412,72.165,48.11,1443.298
48,2,0,1105.25,165.788,66.315,44.21,1326.302
27,3,0,1763.75,264.562,105.825,70.55,2116.498
33,2,1,1172.75,201.566,80.627,53.751,1612.531
35,3,0,1449.0,217.35,86.94,57.96,1738.8
23,2,0,1852.5,277.875,111.15,74.1,2223.0
22,2,0,1360.25,204.038,81.615,54.41,1632.302
23,3,0,1174.0,176.1,70.44,46.96,1408.8
24,3,1,1606.25,276.074,110.43,73.62,2208.596
21,3,0,1861.25,279.188,111.675,74.45,2233.502
21,2,0,1275.25,191.288,76.515,51.01,1530.302
23,3,1,1320.0,226.875,90.75,60.5,1815.0
41,2,1,1122.75,192.973,77.189,51.459,1543.779
40,3,0,2015.0,302.25,120.9,80.6,2418.0
21,2,2,1262.75,244.658,97.863,65.242,1957.262
34,2,0,1547.5,232.125,92.85,61.9,1857.0
21,2,1,1598.75,274.785,109.914,73.276,2198.28
20,2,0,1555.0,233.25,93.3,62.2,1866.0
50,4,0,1427.75,214.162,85.665,57.11,1713.298
22,2,0,1566.25,234.938,93.975,62.65,1879.502
24,3,0,1386.25,207.938,83.175,55.45,1663.502
47,3,0,1072.75,160.912,64.365,42.91,1287.298
33,3,0,1390.25,208.538,83.415,55.61,1668.302
22,2,0,1326.25,198.938,79.575,53.05,1591.502
26,3,0,1547.5,232.125,92.85,61.9,1857.0
22,3,1,1536.25,264.043,105.617,70.411,2112.339
22,3,1,1497.75,257.426,102.97,68.647,2059.407
25,2,0,1288.75,193.312,77.325,51.55,1546.498
49,3,0,1384.0,207.6,83.04,55.36,1660.8
21,2,0,1284.0,192.6,77.04,51.36,1540.8
22,3,0,1270.25,190.538,76.215,50.81,1524.302
22,4,0,1905.0,285.75,114.3,76.2,2286.0
26,3,1,1485.0,255.234,102.094,68.062,2041.87
33,4,0,1838.75,275.812,110.325,73.55,2206.498
44,3,0,1190.25,178.538,71.415,47.61,1428.302
22,3,0,1768.75,265.312,106.125,70.75,2122.498
25,2,0,1400.0,210.0,84.0,56.0,1680.0
55,2,0,1611.25,241.688,96.675,64.45,1933.502
30,3,0,1475.0,221.25,88.5,59.0,1770.0
25,3,0,2110.0,316.5,126.6,84.4,2532.0
23,2,3,1721.25,371.145,148.458,98.972,2969.16
20,3,0,1375.0,206.25,82.5,55.0,1650.0
21,3,0,1385.25,207.788,83.115,55.41,1662.302
30,2,1,1713.75,294.551,117.82,78.547,2356.407
40,3,0,1337.75,200.662,80.265,53.51,1605.298
56,3,0,1543.75,231.562,92.625,61.75,1852.498
31,4,3,1742.5,375.727,150.291,100.194,3005.818
31,2,0,1548.75,232.312,92.925,61.95,1858.498
25,3,0,1122.75,168.412,67.365,44.91,1347.298
19,3,0,1380.25,207.038,82.815,55.21,1656.302
26,3,0,2137.5,320.625,128.25,85.5,2565.0
26,3,0,1465.0,219.75,87.9,58.6,1758.0
45,3,1,1492.5,256.523,102.609,68.406,2052.182
22,4,3,1747.5,376.805,150.722,100.481,3014.437
25,3,0,2012.5,301.875,120.75,80.5,2415.0
23,3,0,1702.5,255.375,102.15,68.1,2043.0
25,4,3,1711.25,368.988,147.595,98.397,2951.905
23,3,0,1802.5,270.375,108.15,72.1,2163.0
20,2,0,1550.25,232.538,93.015,62.01,1860.302
22,3,0,1179.0,176.85,70.74,47.16,1414.8
27,3,0,2090.0,313.5,125.4,83.6,2508.0
25,2,4,1813.75,430.766,172.306,114.871,3446.127
22,3,0,1379.0,206.85,82.74,55.16,1654.8
29,3,0,1481.5,222.225,88.89,59.26,1777.8
23,4,0,1741.25,261.188,104.475,69.65,2089.502
22,3,0,1609.0,241.35,96.54,64.36,1930.8
25,2,2,1580.0,306.125,122.45,81.633,2448.997
46,2,1,1069.0,183.734,73.494,48.996,1469.876
28,2,0,1386.25,207.938,83.175,55.45,1663.502
24,3,0,1906.25,285.938,114.375,76.25,2287.502
30,3,0,1636.25,245.438,98.175,65.45,1963.502
25,3,0,1741.25,261.188,104.475,69.65,2089.502
52,3,0,1497.75,224.662,89.865,59.91,1797.298
23,3,0,1632.5,244.875,97.95,65.3,1959.0
22,2,0,1706.25,255.938,102.375,68.25,2047.502
24,3,0,1315.0,197.25,78.9,52.6,1578.0
27,2,0,1455.25,218.288,87.315,58.21,1746.302
28,4,0,1619.0,242.85,97.14,64.76,1942.8
22,3,0,2043.75,306.562,122.625,81.75,2452.498
25,3,0,1310.25,196.538,78.615,52.41,1572.302
26,2,0,1605.0,240.75,96.3,64.2,1926.0
60,2,0,1310.25,196.538,78.615,52.41,1572.302
30,2,0,1457.75,218.662,87.465,58.31,1749.298
25,3,0,2146.5,321.975,128.79,85.86,2575.8
29,3,0,1530.25,229.538,91.815,61.21,1836.302
38,3,0,1816.25,272.438,108.975,72.65,2179.502
23,3,0,1151.5,172.725,69.09,46.06,1381.8
23,3,0,2083.75,312.562,125.025,83.35,2500.498
41,4,0,1201.5,180.225,72.09,48.06,1441.8
29,2,0,1660.0,249.0,99.6,66.4,1992.0
20,3,0,1693.75,254.062,101.625,67.75,2032.498
23,2,0,1562.5,234.375,93.75,62.5,1875.0
21,3,0,1059.0,158.85,63.54,42.36,1270.8
19,2,0,1301.5,195.225,78.09,52.06,1561.8
20,3,0,1336.25,200.438,80.175,53.45,1603.502
31,3,0,1484.0,222.6,89.04,59.36,1780.8
22,2,1,1196.5,205.648,82.259,54.84,1645.188
24,3,1,1575.0,270.703,108.281,72.188,2165.628
39,3,0,1372.5,205.875,82.35,54.9,1647.0
36,3,0,1129.0,169.35,67.74,45.16,1354.8
24,3,0,1685.0,252.75,101.1,67.4,2022.0
23,2,0,1912.5,286.875,114.75,76.5,2295.0
27,2,0,1900.0,285.0,114.0,76.0,2280.0
23,3,0,1422.75,213.412,85.365,56.91,1707.298
23,3,2,1740.0,337.125,134.85,89.9,2697.0
23,3,0,1820.0,273.0,109.2,72.8,2184.0
22,4,1,1867.5,320.977,128.391,85.594,2567.818
22,3,0,2055.0,308.25,123.3,82.2,2466.0
22,3,4,1780.0,422.75,169.1,112.733,3381.997
18,3,0,1230.25,184.538,73.815,49.21,1476.302
26,3,0,1376.25,206.438,82.575,55.05,1651.502
27,3,0,1172.75,175.912,70.365,46.91,1407.298
38,2,0,1439.0,215.85,86.34,57.56,1726.8
29,3,0,1721.25,258.188,103.275,68.85,2065.502
23,2,4,1630.0,387.125,154.85,103.233,3096.997
20,3,0,1620.25,243.038,97.215,64.81,1944.302
23,3,0,1335.25,200.288,80.115,53.41,1602.302
18,3,0,1199.0,179.85,71.94,47.96,1438.8
43,3,0,1591.5,238.725,95.49,63.66,1909.8
21,3,0,1029.0,154.35,61.74,41.16,1234.8
26,4,0,1229.0,184.35,73.74,49.16,1474.8
22,2,1,1207.75,207.582,83.033,55.355,1660.655
22,3,0,1800.0,270.0,108.0,72.0,2160.0
27,4,0,2082.5,312.375,124.95,83.3,2499.0
24,3,2,1576.25,305.398,122.159,81.44,2443.188
23,3,0,1962.5,294.375,117.75,78.5,2355.0
23,4,1,1455.0,250.078,100.031,66.688,2000.628
21,3,1,1415.25,243.246,97.298,64.866,1945.97
21,4,0,1369.0,205.35,82.14,54.76,1642.8
24,2,1,1705.0,293.047,117.219,78.146,2344.378
23,3,0,1488.75,223.312,89.325,59.55,1786.498
36,3,0,1706.25,255.938,102.375,68.25,2047.502
40,2,1,1137.75,195.551,78.22,52.147,1564.407
21,3,4,1570.0,372.875,149.15,99.433,2982.997
21,2,0,1260.25,189.038,75.615,50.41,1512.302
23,4,0,2051.25,307.688,123.075,82.05,2461.502
21,3,0,1246.5,186.975,74.79,49.86,1495.8
33,3,0,1094.0,164.1,65.64,43.76,1312.8
40,3,0,1037.75,155.662,62.265,41.51,1245.298
21,3,1,1571.25,270.059,108.023,72.016,2160.472
20,3,4,1380.25,327.809,131.124,87.416,2622.476
20,4,4,1636.25,388.609,155.444,103.629,3108.873
23,2,0,1322.75,198.412,79.365,52.91,1587.298
25,3,0,1941.25,291.188,116.475,77.65,2329.502
30,3,0,1359.0,203.85,81.54,54.36,1630.8
24,3,1,1246.5,214.242,85.697,57.131,1713.935
26,3,0,1169.0,175.35,70.14,46.76,1402.8
58,3,0,1246.25,186.938,74.775,49.85,1495.502
22,3,1,1329.0,228.422,91.369,60.912,1827.372
38,3,0,1070.25,160.538,64.215,42.81,1284.302
25,3,0,1132.75,169.912,67.965,45.31,1359.298
22,4,0,1943.75,291.562,116.625,77.75,2332.498
27,2,1,1731.25,297.559,119.023,79.349,2380.469
25,3,0,1625.25,243.788,97.515,65.01,1950.302
22,3,0,1313.75,197.062,78.825,52.55,1576.498
47,2,0,1995.0,299.25,119.7,79.8,2394.0
25,3,0,1654.0,248.1,99.24,66.16,1984.8
28,3,0,1455.25,218.288,87.315,58.21,1746.302
22,3,0,1993.75,299.062,119.625,79.75,2392.498
22,2,0,1490.25,223.538,89.415,59.61,1788.302
28,3,0,2178.75,326.812,130.725,87.15,2614.498
22,3,0,1460.25,219.038,87.615,58.41,1752.302
22,2,4,1410.25,334.934,133.974,89.316,2679.476
22,2,1,1796.25,308.73,123.492,82.328,2469.84
50,3,0,1350.25,202.538,81.015,54.01,1620.302
47,3,0,1265.25,189.788,75.915,50.61,1518.302
23,3,0,1411.25,211.688,84.675,56.45,1693.502
25,3,1,1751.25,300.996,120.398,80.266,2407.97
32,2,1,1089.0,187.172,74.869,49.912,1497.372
22,3,0,1567.75,235.162,94.065,62.71,1881.298
24,2,1,1848.75,317.754,127.102,84.734,2542.03
43,2,1,999.0,171.703,68.681,45.787,1373.619
39,2,0,1444.0,216.6,86.64,57.76,1732.8
23,3,3,1883.75,406.184,162.473,108.316,3249.472
20,3,0,1455.0,218.25,87.3,58.2,1746.0
26,3,0,1875.0,281.25,112.5,75.0,2250.0
30,2,0,1673.75,251.062,100.425,66.95,2008.498
21,2,1,1405.25,241.527,96.611,64.407,1932.215
27,4,0,1962.5,294.375,117.75,78.5,2355.0
22,3,0,1199.0,179.85,71.94,47.96,1438.8
30,3,0,1897.5,284.625,113.85,75.9,2277.0
28,3,1,1775.0,305.078,122.031,81.354,2440.622
26,3,0,1575.0,236.25,94.5,63.0,1890.0
23,4,2,1571.25,304.43,121.772,81.181,2435.437
24,3,0,1337.75,200.662,80.265,53.51,1605.298
32,3,0,1506.5,225.975,90.39,60.26,1807.8
25,2,0,1502.75,225.412,90.165,60.11,1803.298
29,3,0,1800.0,270.0,108.0,72.0,2160.0
21,2,0,1351.5,202.725,81.09,54.06,1621.8
23,2,0,1590.0,238.5,95.4,63.6,1908.0
25,3,1,1842.5,316.68,126.672,84.448,2533.44
25,3,0,1550.25,232.538,93.015,62.01,1860.302
27,3,0,1432.75,214.912,85.965,57.31,1719.298
24,3,0,2076.25,311.438,124.575,83.05,2491.502
22,4,1,1958.75,336.66,134.664,89.776,2693.28
25,3,2,1474.0,285.588,114.235,76.157,2284.705
35,3,0,1392.5,208.875,83.55,55.7,1671.0
19,2,2,1415.25,274.205,109.682,73.121,2193.637
21,4,0,1702.5,255.375,102.15,68.1,2043.0
28,3,0,1535.25,230.288,92.115,61.41,1842.302
43,2,1,1292.75,222.191,88.877,59.251,1777.531
18,3,1,1237.75,212.738,85.095,56.73,1701.902
26,3,0,1447.5,217.125,86.85,57.9,1737.0
32,4,1,1630.25,280.199,112.08,74.72,2241.596
21,3,4,1713.75,407.016,162.806,108.538,3256.13
24,3,0,1975.0,296.25,118.5,79.0,2370.0
25,3,2,1572.75,304.72,121.888,81.259,2437.763
22,4,0,1359.0,203.85,81.54,54.36,1630.8
22,2,1,1110.25,190.824,76.33,50.886,1526.59
25,3,0,1881.25,282.188,112.875,75.25,2257.502
21,3,0,1868.75,280.312,112.125,74.75,2242.498
22,3,2,1575.0,305.156,122.062,81.375,2441.247
32,3,0,1107.75,166.162,66.465,44.31,1329.298
20,4,0,1257.75,188.662,75.465,50.31,1509.298
24,2,0,1737.5,260.625,104.25,69.5,2085.0
46,3,4,1230.25,292.184,116.874,77.916,2337.476
28,3,0,1575.25,236.288,94.515,63.01,1890.302
22,4,1,1127.75,193.832,77.533,51.689,1550.661
25,3,0,1888.75,283.312,113.325,75.55,2266.498
33,3,0,1678.75,251.812,100.725,67.15,2014.498
37,3,0,1941.25,291.188,116.475,77.65,2329.502
23,3,2,1783.75,345.602,138.241,92.16,2764.812
30,3,0,1693.75,254.062,101.625,67.75,2032.498
43,3,0,1564.0,234.6,93.84,62.56,1876.8
22,3,0,1556.25,233.438,93.375,62.25,1867.502
23,3,3,1681.25,362.52,145.008,96.672,2900.16
22,2,0,1435.0,215.25,86.1,57.4,1722.0
24,3,0,1746.25,261.938,104.775,69.85,2095.502
27,4,0,1982.5,297.375,118.95,79.3,2379.0
46,3,0,1823.75,273.562,109.425,72.95,2188.498
22,4,0,1846.25,276.938,110.775,73.85,2215.502
30,3,0,1405.0,210.75,84.3,56.2,1686.0
21,3,0,1370.0,205.5,82.2,54.8,1644.0
23,2,2,1610.0,311.938,124.775,83.183,2495.499
23,3,0,2068.75,310.312,124.125,82.75,2482.498
23,2,0,1205.25,180.788,72.315,48.21,1446.302
29,3,0,1930.0,289.5,115.8,77.2,2316.0
35,3,0,1014.0,152.1,60.84,40.56,1216.8
42,2,0,1493.75,224.062,89.625,59.75,1792.498
26,3,1,1320.25,226.918,90.767,60.511,1815.339
26,3,0,1975.0,296.25,118.5,79.0,2370.0
36,3,0,1119.0,167.85,67.14,44.76,1342.8
29,3,0,1480.25,222.038,88.815,59.21,1776.302
31,2,0,1382.75,207.412,82.965,55.31,1659.298
21,2,0,1272.5,190.875,76.35,50.9,1527.0
21,3,0,1320.0,198.0,79.2,52.8,1584.0
31,3,0,1410.0,211.5,84.6,56.4,1692.0
22,3,0,2045.0,306.75,122.7,81.8,2454.0
21,3,0,1731.25,259.688,103.875,69.25,2077.502
33,2,0,1348.75,202.312,80.925,53.95,1618.498
23,3,2,1671.25,323.805,129.522,86.348,2590.44
22,3,0,1995.0,299.25,119.7,79.8,2394.0
24,4,1,1579.0,271.391,108.556,72.371,2171.127
23,3,0,1348.75,202.312,80.925,53.95,1618.498
22,3,0,2046.25,306.938,122.775,81.85,2455.502
22,2,0,1583.75,237.562,95.025,63.35,1900.498
24,2,0,1369.0,205.35,82.14,54.76,1642.8
20,3,0,2126.25,318.938,127.575,85.05,2551.502
38,3,0,1249.0,187.35,74.94,49.96,1498.8
25,3,0,1311.25,196.688,78.675,52.45,1573.502
22,2,1,1625.0,279.297,111.719,74.479,2234.375
15,2,2,2023.75,392.102,156.841,104.56,3136.812
23,3,2,1862.5,360.859,144.344,96.229,2886.873
22,3,0,1487.5,223.125,89.25,59.5,1785.0
32,3,0,1077.75,161.662,64.665,43.11,1293.298
26,3,0,1887.5,283.125,113.25,75.5,2265.0
23,4,0,1346.5,201.975,80.79,53.86,1615.8
22,3,0,1623.75,243.562,97.425,64.95,1948.498
24,3,0,2103.75,315.562,126.225,84.15,2524.498
23,4,4,1651.25,392.172,156.869,104.579,3137.375
28,2,0,1435.0,215.25,86.1,57.4,1722.0
22,2,0,1417.75,212.662,85.065,56.71,1701.298
21,2,0,1175.25,176.288,70.515,47.01,1410.302
31,4,0,1688.75,253.312,101.325,67.55,2026.498
22,2,0,1280.25,192.038,76.815,51.21,1536.302
40,3,0,1070.25,160.538,64.215,42.81,1284.302
27,4,1,2076.25,356.855,142.742,95.161,2854.837
22,3,3,1577.5,340.148,136.059,90.706,2721.182
23,3,0,1741.25,261.188,104.475,69.65,2089.502
23,2,4,1184.0,281.2,112.48,74.987,2249.603
23,4,4,1755.0,416.812,166.725,111.15,3334.498
23,3,0,1115.25,167.288,66.915,44.61,1338.302
21,3,0,1234.0,185.1,74.04,49.36,1480.8
23,3,1,1551.25,266.621,106.648,71.099,2132.967
22,4,3,1738.75,374.918,149.967,99.978,2999.342
26,4,1,2340.0,402.188,160.875,107.25,3217.502
23,3,1,1741.25,299.277,119.711,79.807,2394.215
24,3,0,1366.25,204.938,81.975,54.65,1639.502
39,4,0,1660.0,249.0,99.6,66.4,1992.0
29,3,0,1713.75,257.062,102.825,68.55,2056.498
56,4,0,1216.5,182.475,72.99,48.66,1459.8
23,2,0,1851.25,277.688,111.075,74.05,2221.502
26,3,0,1867.5,280.125,112.05,74.7,2241.0
28,2,1,1287.75,221.332,88.533,59.022,1770.658
20,2,1,1673.75,287.676,115.07,76.714,2301.41
54,3,0,1269.0,190.35,76.14,50.76,1522.8
18,4,0,1226.5,183.975,73.59,49.06,1471.8
23,3,0,2365.0,354.75,141.9,94.6,2838.0
25,3,0,1314.0,197.1,78.84,52.56,1576.8
26,2,1,1775.0,305.078,122.031,81.354,2440.622
26,3,0,1486.25,222.938,89.175,59.45,1783.502
22,4,0,1219.0,182.85,73.14,48.76,1462.8
23,4,0,1785.25,267.787,107.115,71.41,2142.298
24,3,0,1907.5,286.125,114.45,76.3,2289.0
22,3,2,1516.25,293.773,117.509,78.34,2350.188
22,2,0,1457.75,218.662,87.465,58.31,1749.298
28,3,0,1536.25,230.438,92.175,61.45,1843.502
20,3,4,1655.0,393.062,157.225,104.817,3144.501
24,3,1,1476.25,253.73,101.492,67.661,2029.837
25,2,0,1411.25,211.688,84.675,56.45,1693.502
22,3,0,1455.0,218.25,87.3,58.2,1746.0
25,3,4,1010.25,239.934,95.974,63.982,1919.47
22,2,0,1473.75,221.062,88.425,58.95,1768.498
28,4,0,1923.75,288.562,115.425,76.95,2308.498
24,3,0,1455.0,218.25,87.3,58.2,1746.0
22,3,4,1745.0,414.438,165.775,110.517,3315.505
16,3,0,1837.5,275.625,110.25,73.5,2205.0
22,3,0,2076.25,311.438,124.575,83.05,2491.502
22,2,1,1389.0,238.734,95.494,63.662,1909.87
22,3,0,1140.25,171.038,68.415,45.61,1368.302
21,4,2,1315.25,254.83,101.932,67.955,2038.643
36,3,0,1599.0,239.85,95.94,63.96,1918.8
57,2,0,1114.0,167.1,66.84,44.56,1336.8
28,3,0,1219.0,182.85,73.14,48.76,1462.8
21,2,0,1593.75,239.062,95.625,63.75,1912.498
40,3,0,1520.25,228.038,91.215,60.81,1824.302
21,3,2,1492.5,289.172,115.669,77.112,2313.372
23,2,0,1460.0,219.0,87.6,58.4,1752.0
25,3,1,1672.5,287.461,114.984,76.656,2299.684
28,2,0,1895.0,284.25,113.7,75.8,2274.0
24,3,0,2025.0,303.75,121.5,81.0,2430.0
22,3,1,1860.0,319.688,127.875,85.25,2557.502
21,4,1,1490.0,256.094,102.438,68.292,2048.756
59,2,0,1215.25,182.288,72.915,48.61,1458.302
24,3,2,1536.25,297.648,119.059,79.373,2381.185
19,3,4,1792.5,425.719,170.288,113.525,3405.753
29,2,0,1931.25,289.688,115.875,77.25,2317.502
21,2,1,1482.5,254.805,101.922,67.948,2038.44
36,3,0,1356.5,203.475,81.39,54.26,1627.8
22,3,1,1810.0,311.094,124.438,82.958,2488.75
21,2,1,1622.5,278.867,111.547,74.365,2230.941
20,3,0,1207.75,181.162,72.465,48.31,1449.298
21,3,0,1430.0,214.5,85.8,57.2,1716.0
27,3,0,1675.25,251.288,100.515,67.01,2010.302
36,3,0,1087.75,163.162,65.265,43.51,1305.298
24,2,0,1650.0,247.5,99.0,66.0,1980.0
20,3,0,1605.0,240.75,96.3,64.2,1926.0
27,4,0,1770.0,265.5,106.2,70.8,2124.0
23,4,0,1374.0,206.1,82.44,54.96,1648.8
67,3,0,1481.25,222.188,88.875,59.25,1777.502
26,2,0,1337.75,200.662,80.265,53.51,1605.298
16,3,4,1757.5,417.406,166.962,111.308,3339.244
22,3,0,1250.25,187.538,75.015,50.01,1500.302
21,3,0,1661.25,249.188,99.675,66.45,1993.502
34,3,0,1896.25,284.438,113.775,75.85,2275.502
22,3,0,1343.75,201.562,80.625,53.75,1612.498
27,3,0,1681.25,252.188,100.875,67.25,2017.502
29,2,1,1822.5,313.242,125.297,83.531,2505.935
19,3,0,1265.25,189.788,75.915,50.61,1518.302
22,2,1,1319.0,226.703,90.681,60.454,1813.622
21,2,0,1320.25,198.038,79.215,52.81,1584.302
17,3,1,1465.25,251.84,100.736,67.157,2014.717
23,3,0,1703.75,255.562,102.225,68.15,2044.498
25,3,0,2011.25,301.688,120.675,80.45,2413.502
22,4,1,1301.5,223.695,89.478,59.652,1789.56
22,3,0,1996.25,299.438,119.775,79.85,2395.502
26,3,0,1505.25,225.788,90.315,60.21,1806.302
49,3,0,1675.25,251.288,100.515,67.01,2010.302
27,2,1,1530.0,262.969,105.188,70.125,2103.753
30,3,0,1049.0,157.35,62.94,41.96,1258.8
25,2,1,1611.25,276.934,110.773,73.849,2215.469
24,3,0,1157.75,173.662,69.465,46.31,1389.298
25,3,0,1878.75,281.812,112.725,75.15,2254.498
33,4,0,1311.5,196.725,78.69,52.46,1573.8
37,4,0,1718.75,257.812,103.125,68.75,2062.498
54,3,2,1415.0,274.156,109.663,73.108,2193.248
21,3,0,1252.75,187.912,75.165,50.11,1503.298
22,4,0,1657.5,248.625,99.45,66.3,1989.0
20,3,0,1873.75,281.062,112.425,74.95,2248.498
24,3,0,1416.25,212.438,84.975,56.65,1699.502
25,3,0,1471.25,220.688,88.275,58.85,1765.502
58,3,0,1280.25,192.038,76.815,51.21,1536.302
20,2,0,1906.25,285.938,114.375,76.25,2287.502
40,3,0,1069.0,160.35,64.14,42.76,1282.8
29,2,1,1180.25,202.855,81.142,54.095,1622.843
21,3,0,1781.25,267.188,106.875,71.25,2137.502
22,3,0,1386.25,207.938,83.175,55.45,1663.502
23,3,4,1551.25,368.422,147.369,98.246,2947.378
32,3,0,1395.0,209.25,83.7,55.8,1674.0
24,2,1,1297.75,223.051,89.22,59.48,1784.404
16,3,1,1672.25,287.418,114.967,76.645,2299.345
21,2,0,1551.25,232.688,93.075,62.05,1861.502
26,4,0,1537.75,230.662,92.265,61.51,1845.298
27,4,0,1741.25,261.188,104.475,69.65,2089.502
23,4,0,2012.5,301.875,120.75,80.5,2415.0
41,2,1,987.75,169.77,67.908,45.272,1358.16
58,3,4,1397.5,331.906,132.763,88.508,2655.248
22,2,0,1813.75,272.062,108.825,72.55,2176.498
36,3,0,1526.5,228.975,91.59,61.06,1831.8
22,3,0,1596.25,239.438,95.775,63.85,1915.502
42,3,0,1127.75,169.162,67.665,45.11,1353.298
26,3,0,1496.25,224.438,89.775,59.85,1795.502
21,2,0,1850.0,277.5,111.0,74.0,2220.0
21,2,0,1484.0,222.6,89.04,59.36,1780.8
21,2,0,1491.5,223.725,89.49,59.66,1789.8
22,3,0,1210.25,181.538,72.615,48.41,1452.302
23,3,2,1578.75,305.883,122.353,81.569,2447.065
22,3,0,1666.25,249.938,99.975,66.65,1999.502
23,3,1,1232.75,211.879,84.752,56.501,1695.033
20,3,2,1219.0,236.181,94.473,62.982,1889.454
24,4,0,1515.0,227.25,90.9,60.6,1818.0
21,4,0,1362.75,204.412,81.765,54.51,1635.298
34,3,0,1456.25,218.438,87.375,58.25,1747.502
56,3,0,1329.0,199.35,79.74,53.16,1594.8
28,4,1,1871.25,321.621,128.648,85.766,2572.97
20,4,2,1500.25,290.673,116.269,77.513,2325.385
40,3,0,1727.75,259.162,103.665,69.11,2073.298
45,3,0,1638.75,245.812,98.325,65.55,1966.498
37,3,0,1981.25,297.188,118.875,79.25,2377.502
30,4,1,1439.0,247.328,98.931,65.954,1978.622
25,4,0,1586.25,237.938,95.175,63.45,1903.502
22,3,1,1160.25,199.418,79.767,53.178,1595.342
25,2,0,1350.0,202.5,81.0,54.0,1620.0
32,3,0,1306.5,195.975,78.39,52.26,1567.8
22,3,0,2013.75,302.062,120.825,80.55,2416.498
22,2,0,1525.0,228.75,91.5,61.0,1830.0
20,3,1,1536.25,264.043,105.617,70.411,2112.339
24,2,1,1479.0,254.203,101.681,67.788,2033.628
28,3,0,1609.0,241.35,96.54,64.36,1930.8
22,2,0,1259.0,188.85,75.54,50.36,1510.8
21,2,0,1360.0,204.0,81.6,54.4,1632.0
22,3,1,1736.25,298.418,119.367,79.578,2387.342
22,4,2,1329.0,257.494,102.998,68.665,2059.953
22,3,0,2095.0,314.25,125.7,83.8,2514.0
19,3,4,1643.75,390.391,156.156,104.104,3123.124
35,3,0,1372.75,205.912,82.365,54.91,1647.298
29,4,0,1512.75,226.912,90.765,60.51,1815.298
21,2,0,1437.75,215.662,86.265,57.51,1725.298
22,3,0,1326.5,198.975,79.59,53.06,1591.8
22,3,0,1429.0,214.35,85.74,57.16,1714.8
23,3,0,1450.0,217.5,87.0,58.0,1740.0
20,2,0,1719.0,257.85,103.14,68.76,2062.8
21,3,1,1372.75,235.941,94.377,62.918,1887.534
31,3,0,1496.5,224.475,89.79,59.86,1795.8
23,2,0,1392.75,208.912,83.565,55.71,1671.298
22,3,1,1489.0,255.922,102.369,68.246,2047.378
25,3,0,1857.75,278.662,111.465,74.31,2229.298
33,2,0,1354.0,203.1,81.24,54.16,1624.8
35,3,0,1942.5,291.375,116.55,77.7,2331.0
18,2,1,1666.25,286.387,114.555,76.37,2291.098
23,3,0,1462.75,219.412,87.765,58.51,1755.298
20,2,0,1353.75,203.062,81.225,54.15,1624.498
20,3,0,1117.75,167.662,67.065,44.71,1341.298
29,3,2,2123.75,411.477,164.591,109.727,3291.815
23,3,0,1870.0,280.5,112.2,74.8,2244.0
22,3,0,1190.25,178.538,71.415,47.61,1428.302
26,3,0,1967.5,295.125,118.05,78.7,2361.0
21,2,2,1592.5,308.547,123.419,82.279,2468.375
44,4,0,1276.5,191.475,76.59,51.06,1531.8
21,2,0,1993.75,299.062,119.625,79.75,2392.498
24,4,0,1600.25,240.038,96.015,64.01,1920.302
47,3,0,1604.0,240.6,96.24,64.16,1924.8
22,3,1,1607.5,276.289,110.516,73.677,2210.313
27,3,1,1785.0,306.797,122.719,81.812,2454.372
57,3,0,1290.0,193.5,77.4,51.6,1548.0
22,3,0,1596.5,239.475,95.79,63.86,1915.8
25,3,1,1788.75,307.441,122.977,81.984,2459.528
20,3,2,1530.25,296.486,118.594,79.063,2371.887
35,3,0,1635.25,245.288,98.115,65.41,1962.302
25,3,0,1918.75,287.812,115.125,76.75,2302.498
23,2,0,1080.25,162.038,64.815,43.21,1296.302
30,3,0,1417.5,212.625,85.05,56.7,1701.0
39,3,0,1625.25,243.788,97.515,65.01,1950.302
32,3,0,2015.0,302.25,120.9,80.6,2418.0
24,3,0,1122.75,168.412,67.365,44.91,1347.298
32,3,0,1343.75,201.562,80.625,53.75,1612.498
50,3,0,1425.25,213.788,85.515,57.01,1710.302
22,4,0,1645.0,246.75,98.7,65.8,1974.0
23,2,1,1558.75,267.91,107.164,71.443,2143.283
53,2,0,960.25,144.038,57.615,38.41,1152.302
22,2,1,1455.0,250.078,100.031,66.688,2000.628
22,2,0,1536.25,230.438,92.175,61.45,1843.502
35,2,0,1412.75,211.912,84.765,56.51,1695.298
20,4,0,1806.25,270.938,108.375,72.25,2167.502
23,3,0,1402.75,210.412,84.165,56.11,1683.298
30,3,0,1573.75,236.062,94.425,62.95,1888.498
21,2,1,1565.25,269.027,107.611,71.741,2152.221
21,3,0,1820.0,273.0,109.2,72.8,2184.0
22,3,0,1239.0,185.85,74.34,49.56,1486.8
22,3,2,1349.0,261.369,104.548,69.698,2090.95
23,3,1,1890.0,324.844,129.938,86.625,2598.753
23,2,0,1314.0,197.1,78.84,52.56,1576.8
20,3,0,1227.75,184.162,73.665,49.11,1473.298
24,3,0,2046.25,306.938,122.775,81.85,2455.502
24,4,0,1647.5,247.125,98.85,65.9,1977.0
22,3,0,1707.5,256.125,102.45,68.3,2049.0
18,2,0,1356.25,203.438,81.375,54.25,1627.502
20,4,3,1688.75,364.137,145.655,97.103,2913.095
22,3,0,1396.25,209.438,83.775,55.85,1675.502
24,2,0,1343.75,201.562,80.625,53.75,1612.498
23,3,1,1571.25,270.059,108.023,72.016,2160.472
23,3,0,1783.75,267.562,107.025,71.35,2140.498
23,2,0,1940.0,291.0,116.4,77.6,2328.0
20,4,0,1470.25,220.538,88.215,58.81,1764.302
42,3,0,1224.0,183.6,73.44,48.96,1468.8
21,2,0,1464.0,219.6,87.84,58.56,1756.8
56,3,0,1243.75,186.562,74.625,49.75,1492.498
35,4,0,2013.75,302.062,120.825,80.55,2416.498
23,4,0,1671.25,250.688,100.275,66.85,2005.502
24,2,0,1746.25,261.938,104.775,69.85,2095.502
22,3,0,1745.0,261.75,104.7,69.8,2094.0
58,3,0,1185.25,177.788,71.115,47.41,1422.302
24,3,1,1947.5,334.727,133.891,89.26,2677.812
26,3,0,2058.75,308.812,123.525,82.35,2470.498
22,3,0,1510.25,226.538,90.615,60.41,1812.302
30,3,0,1916.25,287.438,114.975,76.65,2299.502
35,3,0,1681.25,252.188,100.875,67.25,2017.502
24,3,0,2006.25,300.938,120.375,80.25,2407.502
22,3,0,2103.75,315.562,126.225,84.15,2524.498
22,2,0,1085.25,162.788,65.115,43.41,1302.302
25,2,0,1192.75,178.912,71.565,47.71,1431.298
26,2,0,1217.75,182.662,73.065,48.71,1461.298
40,3,0,1750.0,262.5,105.0,70.0,2100.0
33,3,0,1444.0,216.6,86.64,57.76,1732.8
20,3,0,1170.25,175.538,70.215,46.81,1404.302
23,2,1,1900.0,326.562,130.625,87.083,2612.495
27,3,0,1612.75,241.912,96.765,64.51,1935.298
21,2,0,1582.75,237.412,94.965,63.31,1899.298
31,4,0,1494.0,224.1,89.64,59.76,1792.8
26,3,4,1565.0,371.688,148.675,99.117,2973.505
25,3,0,1174.0,176.1,70.44,46.96,1408.8
25,3,0,1424.0,213.6,85.44,56.96,1708.8
25,2,0,1871.25,280.688,112.275,74.85,2245.502
58,2,1,1026.5,176.43,70.572,47.048,1411.44
49,2,0,1039.0,155.85,62.34,41.56,1246.8
21,2,1,1384.0,237.875,95.15,63.433,1902.997
46,3,2,1737.5,336.641,134.656,89.771,2693.127
22,3,3,1567.5,337.992,135.197,90.131,2703.935
29,2,0,1741.25,261.188,104.475,69.65,2089.502
41,2,1,1214.0,208.656,83.462,55.642,1669.25
22,2,4,1717.5,407.906,163.163,108.775,3263.251
22,3,0,1825.0,273.75,109.5,73.0,2190.0
55,2,0,1181.25,177.188,70.875,47.25,1417.502
23,2,0,1571.25,235.688,94.275,62.85,1885.502
22,4,0,1199.0,179.85,71.94,47.96,1438.8
24,3,4,1249.0,296.638,118.655,79.103,2373.099
22,4,0,1891.25,283.688,113.475,75.65,2269.502
23,3,0,1494.0,224.1,89.64,59.76,1792.8
29,3,1,1731.25,297.559,119.023,79.349,2380.469
22,2,2,1493.75,289.414,115.766,77.177,2315.313
28,3,0,1199.0,179.85,71.94,47.96,1438.8
23,3,0,1832.5,274.875,109.95,73.3,2199.0
21,2,2,1232.75,238.845,95.538,63.692,1910.76
24,3,0,1467.75,220.162,88.065,58.71,1761.298
21,3,0,1740.0,261.0,104.4,69.6,2088.0
24,3,0,1775.0,266.25,106.5,71.0,2130.0
23,3,0,2010.0,301.5,120.6,80.4,2412.0
22,2,0,1845.0,276.75,110.7,73.8,2214.0
28,3,0,1330.25,199.538,79.815,53.21,1596.302
17,2,3,1813.75,391.09,156.436,104.291,3128.723
24,2,4,1768.75,420.078,168.031,112.021,3360.625
29,2,1,1850.0,317.969,127.188,84.792,2543.756
22,3,0,1279.0,191.85,76.74,51.16,1534.8
43,3,0,1705.25,255.788,102.315,68.21,2046.302
50,3,0,1720.25,258.037,103.215,68.81,2064.298
28,3,4,1169.0,277.638,111.055,74.037,2221.105
21,2,0,1165.25,174.788,69.915,46.61,1398.302
23,3,0,1205.25,180.788,72.315,48.21,1446.302
28,3,0,1625.0,243.75,97.5,65.0,1950.0
48,3,0,1286.5,192.975,77.19,51.46,1543.8
23,3,0,1928.75,289.312,115.725,77.15,2314.498
25,3,0,1988.75,298.312,119.325,79.55,2386.498
56,2,0,1229.0,184.35,73.74,49.16,1474.8
22,3,0,1309.0,196.35,78.54,52.36,1570.8
48,3,0,1665.0,249.75,99.9,66.6,1998.0
21,3,0,1800.0,270.0,108.0,72.0,2160.0
29,3,0,1550.25,232.538,93.015,62.01,1860.302
23,3,0,1611.25,241.688,96.675,64.45,1933.502
23,3,1,1731.25,297.559,119.023,79.349,2380.469
48,3,0,1666.25,249.938,99.975,66.65,1999.502
28,4,0,1683.75,252.562,101.025,67.35,2020.498
25,4,0,1741.25,261.188,104.475,69.65,2089.502
22,3,0,2400.0,360.0,144.0,96.0,2880.0
62,3,0,1686.25,252.938,101.175,67.45,2023.502
20,2,0,1102.75,165.412,66.165,44.11,1323.298
39,4,0,1851.25,277.688,111.075,74.05,2221.502
30,3,4,1756.25,417.109,166.844,111.229,3336.873
28,3,0,1713.75,257.062,102.825,68.55,2056.498
22,3,0,1566.5,234.975,93.99,62.66,1879.8
23,2,2,1932.5,374.422,149.769,99.846,2995.378
21,4,4,1192.75,283.278,113.311,75.541,2266.225
28,2,4,1678.75,398.703,159.481,106.321,3189.625
22,3,0,1537.5,230.625,92.25,61.5,1845.0
21,3,0,1365.25,204.788,81.915,54.61,1638.302
21,3,0,1550.0,232.5,93.0,62.0,1860.0
23,3,0,1880.0,282.0,112.8,75.2,2256.0
24,2,1,1847.5,317.539,127.016,84.677,2540.313
28,3,2,1676.25,324.773,129.909,86.606,2598.182
23,3,2,1374.0,266.213,106.485,70.99,2129.702
22,4,0,2360.0,354.0,141.6,94.4,2832.0
22,3,0,1219.0,182.85,73.14,48.76,1462.8
19,3,0,1254.0,188.1,75.24,50.16,1504.8
29,3,1,1139.0,195.766,78.306,52.204,1566.124
25,3,0,1650.0,247.5,99.0,66.0,1980.0
22,2,0,1663.75,249.562,99.825,66.55,1996.498
24,3,2,1615.0,312.906,125.163,83.442,2503.254
23,2,1,1622.5,278.867,111.547,74.365,2230.941
39,4,0,1671.25,250.688,100.275,66.85,2005.502
25,3,0,1234.0,185.1,74.04,49.36,1480.8
43,4,0,1301.5,195.225,78.09,52.06,1561.8
23,3,0,1436.5,215.475,86.19,57.46,1723.8
20,4,0,1155.25,173.288,69.315,46.21,1386.302
29,3,0,1435.25,215.288,86.115,57.41,1722.302
20,3,0,1373.75,206.062,82.425,54.95,1648.498
23,3,2,1526.5,295.759,118.304,78.869,2366.073
23,4,0,1790.0,268.5,107.4,71.6,2148.0
23,3,0,1624.0,243.6,97.44,64.96,1948.8
23,3,0,1752.5,262.875,105.15,70.1,2103.0
16,3,0,1277.75,191.662,76.665,51.11,1533.298
23,3,1,1690.0,290.469,116.188,77.458,2323.75
23,2,0,1511.25,226.688,90.675,60.45,1813.502
23,3,0,1354.0,203.1,81.24,54.16,1624.8
30,4,1,1306.5,224.555,89.822,59.881,1796.437
22,3,0,1216.5,182.475,72.99,48.66,1459.8
37,4,1,1162.75,199.848,79.939,53.293,1598.785
24,3,1,1986.25,341.387,136.555,91.036,2731.092
28,4,0,2178.75,326.812,130.725,87.15,2614.498
22,3,0,1956.25,293.438,117.375,78.25,2347.502
25,2,1,1332.75,229.066,91.627,61.084,1832.528
31,3,0,1400.0,210.0,84.0,56.0,1680.0
22,2,1,1976.25,339.668,135.867,90.578,2717.342
22,3,1,1737.5,298.633,119.453,79.635,2389.059
39,4,0,1901.25,285.188,114.075,76.05,2281.502
20,2,0,1646.25,246.938,98.775,65.85,1975.502
39,3,0,1648.75,247.312,98.925,65.95,1978.498
39,3,0,1850.0,277.5,111.0,74.0,2220.0
19,3,3,1615.0,348.234,139.294,92.862,2785.87
28,3,1,1777.5,305.508,122.203,81.469,2444.065
25,3,0,1630.0,244.5,97.8,65.2,1956.0
28,2,1,1887.5,324.414,129.766,86.51,2595.31
56,2,0,1219.0,182.85,73.14,48.76,1462.8
21,2,0,1182.75,177.412,70.965,47.31,1419.298
22,3,0,1828.75,274.312,109.725,73.15,2194.498
23,4,1,1588.75,273.066,109.227,72.818,2184.534
25,2,1,1578.75,271.348,108.539,72.359,2170.779
24,2,0,1396.25,209.438,83.775,55.85,1675.502
22,2,0,1703.75,255.562,102.225,68.15,2044.498
33,4,0,1922.5,288.375,115.35,76.9,2307.0
22,4,0,1789.0,268.35,107.34,71.56,2146.8
50,4,0,1194.0,179.1,71.64,47.76,1432.8
20,3,0,1269.0,190.35,76.14,50.76,1522.8
49,3,0,1621.25,243.188,97.275,64.85,1945.502
60,2,0,1297.75,194.662,77.865,51.91,1557.298
52,3,0,1777.5,266.625,106.65,71.1,2133.0
21,2,2,1455.25,281.955,112.782,75.188,2255.64
24,3,0,1406.25,210.938,84.375,56.25,1687.502
32,3,0,1354.0,203.1,81.24,54.16,1624.8
23,3,0,1803.75,270.562,108.225,72.15,2164.498
32,3,0,1420.25,213.038,85.215,56.81,1704.302
23,4,0,1275.25,191.288,76.515,51.01,1530.302
37,3,0,1114.0,167.1,66.84,44.56,1336.8
29,2,1,1820.0,312.812,125.125,83.417,2502.501
28,3,0,2196.25,329.438,131.775,87.85,2635.502
52,3,0,1295.0,194.25,77.7,51.8,1554.0
29,3,0,1644.0,246.6,98.64,65.76,1972.8
23,3,0,1222.75,183.412,73.365,48.91,1467.298
26,3,0,1567.75,235.162,94.065,62.71,1881.298
22,2,0,1271.5,190.725,76.29,50.86,1525.8
37,3,0,1622.75,243.412,97.365,64.91,1947.298
21,2,1,1722.5,296.055,118.422,78.948,2368.44
22,3,4,1395.0,331.312,132.525,88.35,2650.498
25,3,0,1730.0,259.5,103.8,69.2,2076.0
27,3,0,1594.0,239.1,95.64,63.76,1912.8
48,3,0,1495.25,224.288,89.715,59.81,1794.302
24,3,2,1660.0,321.625,128.65,85.767,2573.003
23,3,0,1651.25,247.688,99.075,66.05,1981.502
23,3,0,1978.75,296.812,118.725,79.15,2374.498
31,3,0,1381.5,207.225,82.89,55.26,1657.8
26,2,0,2275.0,341.25,136.5,91.0,2730.0
23,3,0,1531.25,229.688,91.875,61.25,1837.502
21,3,1,1602.5,275.43,110.172,73.448,2203.44
22,3,0,1257.75,188.662,75.465,50.31,1509.298
24,2,0,1125.25,168.788,67.515,45.01,1350.302
24,4,0,1860.0,279.0,111.6,74.4,2232.0
23,3,0,1185.25,177.788,71.115,47.41,1422.302
21,2,0,1352.75,202.912,81.165,54.11,1623.298
23,2,0,1602.5,240.375,96.15,64.1,1923.0
20,3,1,1267.75,217.895,87.158,58.105,1743.157
22,4,0,1329.0,199.35,79.74,53.16,1594.8
30,3,0,1401.5,210.225,84.09,56.06,1681.8
22,3,0,1726.25,258.938,103.575,69.05,2071.502
25,2,0,1684.0,252.6,101.04,67.36,2020.8
22,3,4,1187.75,282.091,112.836,75.224,2256.724
23,4,0,1362.75,204.412,81.765,54.51,1635.298
36,3,0,1394.0,209.1,83.64,55.76,1672.8
30,3,0,1589.0,238.35,95.34,63.56,1906.8
22,3,0,1906.25,285.938,114.375,76.25,2287.502
23,3,0,1112.75,166.912,66.765,44.51,1335.298
24,3,0,2095.0,314.25,125.7,83.8,2514.0
24,3,0,2003.75,300.562,120.225,80.15,2404.498
22,2,0,1463.75,219.562,87.825,58.55,1756.498
22,2,1,1638.75,281.66,112.664,75.109,2253.277
25,3,0,1501.25,225.188,90.075,60.05,1801.502
39,3,0,1300.25,195.038,78.015,52.01,1560.302
25,3,0,1430.0,214.5,85.8,57.2,1716.0
21,3,0,1710.0,256.5,102.6,68.4,2052.0
22,3,1,1247.75,214.457,85.783,57.189,1715.661
21,3,3,1793.75,386.777,154.711,103.141,3094.221
21,3,0,1732.5,259.875,103.95,69.3,2079.0
24,2,0,1319.0,197.85,79.14,52.76,1582.8
22,3,2,1605.0,310.969,124.388,82.925,2487.753
24,4,4,1616.25,383.859,153.544,102.362,3070.87
22,3,2,1491.5,288.978,115.591,77.061,2311.825
27,3,0,2123.75,318.562,127.425,84.95,2548.498
23,3,0,1104.0,165.6,66.24,44.16,1324.8
22,2,2,1588.75,307.82,123.128,82.085,2462.557
21,2,1,1171.5,201.352,80.541,53.694,1610.818
22,4,0,1179.0,176.85,70.74,47.16,1414.8
20,2,0,1655.0,248.25,99.3,66.2,1986.0
23,3,0,1512.5,226.875,90.75,60.5,1815.0
28,4,0,1630.25,244.538,97.815,65.21,1956.302
29,3,0,1824.0,273.6,109.44,72.96,2188.8
28,3,0,1440.25,216.038,86.415,57.61,1728.302
28,2,1,1778.75,305.723,122.289,81.526,2445.782
25,2,0,1880.0,282.0,112.8,75.2,2256.0
30,3,1,2018.75,346.973,138.789,92.526,2775.782
22,3,1,1897.5,326.133,130.453,86.969,2609.065
21,3,0,1491.25,223.688,89.475,59.65,1789.502
29,3,0,1908.75,286.312,114.525,76.35,2290.498
40,3,0,1686.25,252.938,101.175,67.45,2023.502
21,3,0,2081.25,312.188,124.875,83.25,2497.502
24,4,2,1209.0,234.244,93.698,62.465,1873.953
24,3,4,1757.5,417.406,166.962,111.308,3339.244
35,3,0,1958.75,293.812,117.525,78.35,2350.498
22,2,1,1647.75,283.207,113.283,75.522,2265.658
23,3,0,2011.25,301.688,120.675,80.45,2413.502
30,3,0,1866.25,279.938,111.975,74.65,2239.502
46,4,0,1247.75,187.162,74.865,49.91,1497.298
26,3,2,1886.25,365.461,146.184,97.456,2923.684
49,2,0,1255.25,188.288,75.315,50.21,1506.302
21,3,4,1743.75,414.141,165.656,110.438,3313.13
20,4,0,1247.75,187.162,74.865,49.91,1497.298
18,4,0,2066.25,309.938,123.975,82.65,2479.502
34,3,0,1366.25,204.938,81.975,54.65,1639.502
25,3,0,1703.75,255.562,102.225,68.15,2044.498
24,4,0,1420.25,213.038,85.215,56.81,1704.302
21,2,4,1295.25,307.622,123.049,82.032,2460.972
28,3,1,1846.25,317.324,126.93,84.62,2538.596
26,3,0,2048.75,307.312,122.925,81.95,2458.498
23,3,1,1860.0,319.688,127.875,85.25,2557.502
20,2,1,1603.75,275.645,110.258,73.505,2205.157
27,3,0,1621.25,243.188,97.275,64.85,1945.502
21,3,1,1812.5,311.523,124.609,83.073,2492.185
16,3,0,1189.0,178.35,71.34,47.56,1426.8
22,3,0,1371.5,205.725,82.29,54.86,1645.8
27,4,1,2085.0,358.359,143.344,95.562,2866.87
45,2,1,1071.5,184.164,73.666,49.11,1473.31
23,4,3,2102.5,453.352,181.341,120.894,3626.818
24,4,0,2257.5,338.625,135.45,90.3,2709.0
20,3,0,1247.75,187.162,74.865,49.91,1497.298
29,2,0,1404.0,210.6,84.24,56.16,1684.8
46,3,0,1345.0,201.75,80.7,53.8,1614.0
35,2,0,1402.75,210.412,84.165,56.11,1683.298
20,2,1,1387.75,238.52,95.408,63.605,1908.157
27,3,0,1394.0,209.1,83.64,55.76,1672.8
22,3,0,1975.0,296.25,118.5,79.0,2370.0
34,4,0,1795.0,269.25,107.7,71.8,2154.0
23,3,0,1319.0,197.85,79.14,52.76,1582.8
27,3,0,1442.5,216.375,86.55,57.7,1731.0
23,3,2,1680.0,325.5,130.2,86.8,2604.0
22,2,0,1359.0,203.85,81.54,54.36,1630.8
25,2,0,1691.25,253.688,101.475,67.65,2029.502
25,3,0,1751.25,262.688,105.075,70.05,2101.502
21,2,1,1052.75,180.941,72.377,48.251,1447.531
23,4,1,1643.75,282.52,113.008,75.339,2260.163
21,3,0,1262.75,189.412,75.765,50.51,1515.298
22,2,0,1505.0,225.75,90.3,60.2,1806.0
43,4,1,1802.5,309.805,123.922,82.615,2478.443
23,3,1,1702.5,292.617,117.047,78.031,2340.935
21,2,0,1027.75,154.162,61.665,41.11,1233.298
23,3,1,1610.0,276.719,110.688,73.792,2213.756
20,3,0,1140.25,171.038,68.415,45.61,1368.302
18,3,2,1416.25,274.398,109.759,73.173,2195.185
28,3,0,1457.5,218.625,87.45,58.3,1749.0
27,3,0,1338.75,200.812,80.325,53.55,1606.498
58,2,0,1329.0,199.35,79.74,53.16,1594.8
24,3,0,2106.25,315.938,126.375,84.25,2527.502
23,3,0,1732.5,259.875,103.95,69.3,2079.0
29,3,0,1451.25,217.688,87.075,58.05,1741.502
23,3,0,1242.75,186.412,74.565,49.71,1491.298
27,4,0,1735.25,260.287,104.115,69.41,2082.298
23,4,0,1652.75,247.912,99.165,66.11,1983.298
18,3,0,1375.25,206.288,82.515,55.01,1650.302
23,3,0,1398.75,209.812,83.925,55.95,1678.498
18,3,0,1217.75,182.662,73.065,48.71,1461.298
41,3,0,1550.25,232.538,93.015,62.01,1860.302
24,3,1,1527.5,262.539,105.016,70.01,2100.31
22,3,1,1610.25,276.762,110.705,73.803,2214.095
21,3,1,1971.25,338.809,135.523,90.349,2710.469
18,4,0,1547.75,232.162,92.865,61.91,1857.298
30,3,0,1139.0,170.85,68.34,45.56,1366.8
24,2,0,1317.75,197.662,79.065,52.71,1581.298
26,2,0,1815.0,272.25,108.9,72.6,2178.0
17,3,4,1520.0,361.0,144.4,96.267,2888.003
25,3,0,2100.0,315.0,126.0,84.0,2520.0
29,3,0,1861.25,279.188,111.675,74.45,2233.502
23,3,2,1571.25,304.43,121.772,81.181,2435.437
23,3,0,1321.25,198.188,79.275,52.85,1585.502
49,3,0,1025.25,153.788,61.515,41.01,1230.302
27,3,0,1204.0,180.6,72.24,48.16,1444.8
16,4,0,1359.0,203.85,81.54,54.36,1630.8
22,2,0,1556.25,233.438,93.375,62.25,1867.502
55,3,0,1551.5,232.725,93.09,62.06,1861.8
30,4,0,1956.25,293.438,117.375,78.25,2347.502
47,3,0,1654.0,248.1,99.24,66.16,1984.8
17,3,1,1670.0,287.031,114.812,76.542,2296.25
29,3,0,1871.25,280.688,112.275,74.85,2245.502
37,4,0,1871.25,280.688,112.275,74.85,2245.502
22,3,0,1282.75,192.412,76.965,51.31,1539.298
25,3,0,1552.75,232.912,93.165,62.11,1863.298
22,3,2,1111.5,215.353,86.141,57.427,1722.819
39,2,1,1224.0,210.375,84.15,56.1,1683.0
25,3,2,1655.0,320.656,128.263,85.508,2565.248
35,3,0,1461.25,219.188,87.675,58.45,1753.502
22,2,4,1830.0,434.625,173.85,115.9,3477.0
20,3,0,1666.25,249.938,99.975,66.65,1999.502
39,3,0,1680.0,252.0,100.8,67.2,2016.0
25,2,0,1580.0,237.0,94.8,63.2,1896.0
15,3,0,1741.25,261.188,104.475,69.65,2089.502
18,3,0,1363.75,204.562,81.825,54.55,1636.498
22,2,4,1429.0,339.388,135.755,90.503,2715.099
34,4,0,1843.75,276.562,110.625,73.75,2212.498
23,2,2,1645.0,318.719,127.488,84.992,2549.756
23,3,1,1602.5,275.43,110.172,73.448,2203.44
23,2,0,1671.25,250.688,100.275,66.85,2005.502
50,3,0,1097.75,164.662,65.865,43.91,1317.298
22,3,2,1726.25,334.461,133.784,89.19,2675.69
24,3,0,1796.25,269.438,107.775,71.85,2155.502
22,3,1,2000.0,343.75,137.5,91.667,2750.003
22,2,0,2279.0,341.85,136.74,91.16,2734.8
23,2,0,1543.75,231.562,92.625,61.75,1852.498
23,3,0,1155.25,173.288,69.315,46.21,1386.302
25,3,0,2312.5,346.875,138.75,92.5,2775.0
48,3,0,1396.25,209.438,83.775,55.85,1675.502
43,3,0,1628.75,244.312,97.725,65.15,1954.498
22,2,0,1156.5,173.475,69.39,46.26,1387.8
33,4,0,1971.25,295.688,118.275,78.85,2365.502
36,3,0,1466.5,219.975,87.99,58.66,1759.8
23,3,0,1325.25,198.788,79.515,53.01,1590.302
29,3,0,1501.5,225.225,90.09,60.06,1801.8
21,4,4,1640.0,389.5,155.8,103.867,3116.003
22,2,0,1456.25,218.438,87.375,58.25,1747.502
47,2,0,1421.25,213.188,85.275,56.85,1705.502
22,3,0,1149.0,172.35,68.94,45.96,1378.8
35,3,0,1281.5,192.225,76.89,51.26,1537.8
40,3,0,1426.25,213.938,85.575,57.05,1711.502
22,3,1,1476.25,253.73,101.492,67.661,2029.837
39,3,0,1152.75,172.912,69.165,46.11,1383.298
33,3,0,1848.75,277.312,110.925,73.95,2218.498
36,2,3,1725.0,371.953,148.781,99.188,2975.628
23,4,1,1963.75,337.52,135.008,90.005,2700.157
27,2,0,1420.0,213.0,85.2,56.8,1704.0
21,2,0,1295.25,194.288,77.715,51.81,1554.302
23,2,1,1771.25,304.434,121.773,81.182,2435.466
21,3,0,1743.75,261.562,104.625,69.75,2092.498
22,3,0,2050.0,307.5,123.0,82.0,2460.0
32,4,0,1853.75,278.062,111.225,74.15,2224.498
18,3,0,1267.75,190.162,76.065,50.71,1521.298
27,3,0,1280.25,192.038,76.815,51.21,1536.302
23,3,4,1583.75,376.141,150.456,100.304,3009.124
19,2,0,1895.0,284.25,113.7,75.8,2274.0
50,4,0,1603.75,240.562,96.225,64.15,1924.498
20,4,0,1324.0,198.6,79.44,52.96,1588.8
22,2,0,1990.0,298.5,119.4,79.6,2388.0
21,4,0,1304.0,195.6,78.24,52.16,1564.8
23,3,0,1400.0,210.0,84.0,56.0,1680.0
22,3,0,2056.25,308.438,123.375,82.25,2467.502
26,3,0,1465.25,219.788,87.915,58.61,1758.302
25,3,0,1300.0,195.0,78.0,52.0,1560.0
24,2,1,1603.75,275.645,110.258,73.505,2205.157
23,2,0,1865.25,279.787,111.915,74.61,2238.298
22,3,0,1109.0,166.35,66.54,44.36,1330.8
21,4,1,1527.75,262.582,105.033,70.022,2100.658
20,3,0,1516.25,227.438,90.975,60.65,1819.502
22,3,0,1678.75,251.812,100.725,67.15,2014.498
21,3,0,2212.5,331.875,132.75,88.5,2655.0
23,2,1,1798.75,309.16,123.664,82.443,2473.283
23,4,0,1491.25,223.688,89.475,59.65,1789.502
23,2,1,1354.0,232.719,93.088,62.058,1861.75
19,3,0,1414.0,212.1,84.84,56.56,1696.8
22,2,2,1349.0,261.369,104.548,69.698,2090.95
22,3,0,1383.75,207.562,83.025,55.35,1660.498
22,2,1,1773.75,304.863,121.945,81.297,2438.905
29,4,0,1962.5,294.375,117.75,78.5,2355.0
45,2,0,1475.25,221.288,88.515,59.01,1770.302
23,2,0,1641.25,246.188,98.475,65.65,1969.502
28,3,0,1695.0,254.25,101.7,67.8,2034.0
21,2,0,1541.25,231.188,92.475,61.65,1849.502
52,4,0,1219.0,182.85,73.14,48.76,1462.8
23,3,0,1485.25,222.788,89.115,59.41,1782.302
26,4,2,2018.75,391.133,156.453,104.302,3129.062
31,3,0,2020.0,303.0,121.2,80.8,2424.0
21,3,0,1212.75,181.912,72.765,48.51,1455.298
21,4,0,1570.0,235.5,94.2,62.8,1884.0
23,2,1,1850.0,317.969,127.188,84.792,2543.756
20,3,0,1607.75,241.162,96.465,64.31,1929.298
28,3,0,1417.75,212.662,85.065,56.71,1701.298
27,3,0,1604.0,240.6,96.24,64.16,1924.8
18,2,0,1723.75,258.562,103.425,68.95,2068.498
22,2,0,1788.75,268.312,107.325,71.55,2146.498
23,2,4,1255.25,298.122,119.249,79.499,2384.975
28,3,0,1515.0,227.25,90.9,60.6,1818.0
20,2,1,1706.25,293.262,117.305,78.203,2346.095
28,3,0,1427.5,214.125,85.65,57.1,1713.0
21,3,2,1531.25,296.68,118.672,79.115,2373.443
28,3,0,1284.0,192.6,77.04,51.36,1540.8
19,4,0,2010.0,301.5,120.6,80.4,2412.0
23,4,1,1715.0,294.766,117.906,78.604,2358.124
31,3,3,1121.5,241.823,96.729,64.486,1934.582
48,3,0,1184.0,177.6,71.04,47.36,1420.8
24,3,1,1319.0,226.703,90.681,60.454,1813.622
21,4,0,1440.25,216.038,86.415,57.61,1728.302
33,3,0,1642.75,246.412,98.565,65.71,1971.298
37,3,0,1602.75,240.412,96.165,64.11,1923.298
16,3,0,1559.0,233.85,93.54,62.36,1870.8
23,3,1,1952.5,335.586,134.234,89.49,2684.69
22,3,1,1670.0,287.031,114.812,76.542,2296.25
30,3,0,1566.25,234.938,93.975,62.65,1879.502
49,4,0,1405.25,210.788,84.315,56.21,1686.302
56,2,0,1147.75,172.162,68.865,45.91,1377.298
23,3,0,1672.75,250.912,100.365,66.91,2007.298
32,4,2,1114.0,215.838,86.335,57.557,1726.705
22,3,0,1295.25,194.288,77.715,51.81,1554.302
30,3,0,1157.75,173.662,69.465,46.31,1389.298
20,3,0,1766.25,264.938,105.975,70.65,2119.502
27,3,0,1891.25,283.688,113.475,75.65,2269.502
28,4,0,1376.5,206.475,82.59,55.06,1651.8
21,3,0,1275.25,191.288,76.515,51.01,1530.302
22,2,1,1210.25,208.012,83.205,55.47,1664.098
18,4,0,1529.0,229.35,91.74,61.16,1834.8
23,2,4,1763.75,418.891,167.556,111.704,3351.124
21,2,0,1320.0,198.0,79.2,52.8,1584.0
21,2,0,1324.0,198.6,79.44,52.96,1588.8
23,2,0,1482.75,222.412,88.965,59.31,1779.298
28,4,0,1716.25,257.438,102.975,68.65,2059.502
25,3,0,1930.0,289.5,115.8,77.2,2316.0
28,3,0,1466.5,219.975,87.99,58.66,1759.8
26,4,2,1412.5,273.672,109.469,72.979,2189.375
23,3,0,1981.25,297.188,118.875,79.25,2377.502
22,3,0,1476.25,221.438,88.575,59.05,1771.502
22,2,1,1517.5,260.82,104.328,69.552,2086.56
23,3,0,1582.75,237.412,94.965,63.31,1899.298
23,2,0,1092.75,163.912,65.565,43.71,1311.298
31,2,0,1364.0,204.6,81.84,54.56,1636.8
23,3,3,1945.0,419.391,167.756,111.837,3355.121
59,2,4,1560.0,370.5,148.2,98.8,2964.0
70,2,0,1475.0,221.25,88.5,59.0,1770.0
22,2,0,1921.25,288.188,115.275,76.85,2305.502
17,3,0,1662.5,249.375,99.75,66.5,1995.0
21,3,0,1693.75,254.062,101.625,67.75,2032.498
26,4,0,1923.75,288.562,115.425,76.95,2308.498
34,3,0,1615.0,242.25,96.9,64.6,1938.0
20,4,0,1169.0,175.35,70.14,46.76,1402.8
24,3,0,1323.75,198.562,79.425,52.95,1588.498
27,3,0,1605.25,240.788,96.315,64.21,1926.302
22,4,0,1426.25,213.938,85.575,57.05,1711.502
49,3,0,1500.25,225.038,90.015,60.01,1800.302
21,2,0,1468.75,220.312,88.125,58.75,1762.498
26,3,1,1627.5,279.727,111.891,74.594,2237.818
26,2,1,1845.0,317.109,126.844,84.562,2536.87
28,3,0,1365.0,204.75,81.9,54.6,1638.0
29,3,0,1461.25,219.188,87.675,58.45,1753.502
21,3,0,1855.0,278.25,111.3,74.2,2226.0
24,3,0,1189.0,178.35,71.34,47.56,1426.8
22,3,0,1645.0,246.75,98.7,65.8,1974.0
20,3,0,1405.0,210.75,84.3,56.2,1686.0
20,3,0,1487.5,223.125,89.25,59.5,1785.0
22,3,0,1280.25,192.038,76.815,51.21,1536.302
36,4,0,1696.25,254.438,101.775,67.85,2035.502
25,3,0,1152.75,172.912,69.165,46.11,1383.298
22,2,0,1337.75,200.662,80.265,53.51,1605.298
16,3,1,1856.25,319.043,127.617,85.078,2552.342
24,3,0,1525.0,228.75,91.5,61.0,1830.0
36,3,0,1429.0,214.35,85.74,57.16,1714.8
34,4,0,1097.75,164.662,65.865,43.91,1317.298
22,3,0,1529.0,229.35,91.74,61.16,1834.8
20,3,1,1639.0,281.703,112.681,75.121,2253.625
30,3,0,1335.25,200.288,80.115,53.41,1602.302
22,2,0,1239.0,185.85,74.34,49.56,1486.8
38,3,0,1725.0,258.75,103.5,69.0,2070.0
28,3,0,1746.25,261.938,104.775,69.85,2095.502
23,2,1,1820.0,312.812,125.125,83.417,2502.501
22,2,0,1307.75,196.162,78.465,52.31,1569.298
26,2,0,1196.5,179.475,71.79,47.86,1435.8
29,3,0,1600.0,240.0,96.0,64.0,1920.0
33,3,0,1380.0,207.0,82.8,55.2,1656.0
25,3,0,2190.0,328.5,131.4,87.6,2628.0
21,3,0,1152.75,172.912,69.165,46.11,1383.298
23,3,0,1700.0,255.0,102.0,68.0,2040.0
27,3,0,1314.0,197.1,78.84,52.56,1576.8
28,3,0,2408.75,361.312,144.525,96.35,2890.498
21,3,0,1294.0,194.1,77.64,51.76,1552.8
24,3,4,1349.0,320.388,128.155,85.437,2563.105
25,3,2,1445.25,280.017,112.007,74.671,2240.135
43,2,0,1470.0,220.5,88.2,58.8,1764.0
35,2,0,1351.25,202.688,81.075,54.05,1621.502
30,3,0,1857.5,278.625,111.45,74.3,2229.0
22,3,0,1595.0,239.25,95.7,63.8,1914.0
41,3,0,1209.0,181.35,72.54,48.36,1450.8
20,3,2,1420.25,275.173,110.069,73.38,2201.388
22,3,0,1515.25,227.288,90.915,60.61,1818.302
21,3,2,1235.25,239.33,95.732,63.821,1914.637
24,2,1,1916.25,329.355,131.742,87.828,2634.84
26,2,0,1847.5,277.125,110.85,73.9,2217.0
25,2,0,1325.25,198.788,79.515,53.01,1590.302
23,2,4,1665.0,395.438,158.175,105.45,3163.502
27,3,0,1644.0,246.6,98.64,65.76,1972.8
24,3,0,1649.0,247.35,98.94,65.96,1978.8
27,2,0,1425.25,213.788,85.515,57.01,1710.302
38,3,0,1976.25,296.438,118.575,79.05,2371.502
31,3,0,1351.25,202.688,81.075,54.05,1621.502
21,3,0,2072.5,310.875,124.35,82.9,2487.0
23,3,1,1893.75,325.488,130.195,86.797,2603.905
23,3,1,1643.75,282.52,113.008,75.339,2260.163
23,3,0,1358.75,203.812,81.525,54.35,1630.498
22,3,0,1891.25,283.688,113.475,75.65,2269.502
22,2,0,1445.0,216.75,86.7,57.8,1734.0
23,2,0,1805.0,270.75,108.3,72.2,2166.0
29,2,1,1550.0,266.406,106.562,71.042,2131.25
21,2,4,1661.25,394.547,157.819,105.212,3156.372
39,3,0,1132.75,169.912,67.965,45.31,1359.298
25,4,0,1404.0,210.6,84.24,56.16,1684.8
18,3,1,1250.25,214.887,85.955,57.303,1719.095
22,3,0,1927.5,289.125,115.65,77.1,2313.0
16,3,4,1816.25,431.359,172.544,115.029,3450.873
27,2,0,1284.0,192.6,77.04,51.36,1540.8
53,3,0,1284.0,192.6,77.04,51.36,1540.8
23,3,0,1582.5,237.375,94.95,63.3,1899.0
38,3,0,1559.0,233.85,93.54,62.36,1870.8
23,3,0,1791.25,268.688,107.475,71.65,2149.502
51,2,0,1345.25,201.788,80.715,53.81,1614.302
30,2,1,1926.25,331.074,132.43,88.286,2648.59
21,3,0,1314.0,197.1,78.84,52.56,1576.8
26,2,3,1280.25,276.054,110.422,73.614,2208.43
45,3,0,1601.5,240.225,96.09,64.06,1921.8
27,2,0,1435.25,215.288,86.115,57.41,1722.302
28,2,0,1267.75,190.162,76.065,50.71,1521.298
21,3,0,1400.0,210.0,84.0,56.0,1680.0
23,4,0,1780.0,267.0,106.8,71.2,2136.0
22,4,0,1756.25,263.438,105.375,70.25,2107.502
26,3,2,1747.5,338.578,135.431,90.288,2708.628
24,2,0,1810.0,271.5,108.6,72.4,2172.0
23,2,0,1324.0,198.6,79.44,52.96,1588.8
20,2,0,1790.0,268.5,107.4,71.6,2148.0
24,3,0,1277.75,191.662,76.665,51.11,1533.298
50,3,0,1936.25,290.438,116.175,77.45,2323.502
19,4,3,1721.25,371.145,148.458,98.972,2969.16
37,3,0,1668.75,250.312,100.125,66.75,2002.498
23,3,0,1410.0,211.5,84.6,56.4,1692.0
27,3,0,1364.0,204.6,81.84,54.56,1636.8
22,4,0,1875.0,281.25,112.5,75.0,2250.0
40,4,0,1295.25,194.288,77.715,51.81,1554.302
23,3,0,1721.25,258.188,103.275,68.85,2065.502
21,3,0,1715.0,257.25,102.9,68.6,2058.0
33,3,0,1614.0,242.1,96.84,64.56,1936.8
28,2,0,1396.25,209.438,83.775,55.85,1675.502
29,3,3,1355.25,292.226,116.89,77.927,2337.807
25,3,4,1711.25,406.422,162.569,108.379,3251.375
22,3,0,1285.25,192.788,77.115,51.41,1542.302
25,3,0,1290.0,193.5,77.4,51.6,1548.0
49,3,1,1095.25,188.246,75.298,50.199,1505.967
31,2,0,1422.75,213.412,85.365,56.91,1707.298
25,2,2,1648.75,319.445,127.778,85.185,2555.557
27,4,4,1412.5,335.469,134.188,89.458,2683.75
22,2,1,2188.75,376.191,150.477,100.318,3009.534
30,3,0,2228.75,334.312,133.725,89.15,2674.498
25,4,0,1594.0,239.1,95.64,63.76,1912.8
22,3,1,1597.75,274.613,109.845,73.23,2196.902
26,2,3,1440.25,310.554,124.222,82.814,2484.43
23,3,0,1771.25,265.688,106.275,70.85,2125.502
23,3,1,1763.75,303.145,121.258,80.839,2425.163
15,3,2,1302.75,252.408,100.963,67.309,2019.265
43,2,1,1237.75,212.738,85.095,56.73,1701.902
35,4,2,1395.25,270.33,108.132,72.088,2162.64
21,2,0,1455.25,218.288,87.315,58.21,1746.302
21,3,0,1502.75,225.412,90.165,60.11,1803.298
25,4,3,1561.25,336.645,134.658,89.772,2693.16
25,3,0,2081.25,312.188,124.875,83.25,2497.502
30,4,0,1726.25,258.938,103.575,69.05,2071.502
28,4,0,1786.25,267.938,107.175,71.45,2143.502
26,3,2,1409.0,272.994,109.198,72.798,2183.95
24,2,0,1826.25,273.938,109.575,73.05,2191.502
33,3,0,1371.25,205.688,82.275,54.85,1645.502
20,2,0,1303.75,195.562,78.225,52.15,1564.498
26,3,0,1546.5,231.975,92.79,61.86,1855.8
21,3,2,1114.0,215.838,86.335,57.557,1726.705
20,2,1,1017.75,174.926,69.97,46.647,1399.407
65,3,4,1381.25,328.047,131.219,87.479,2624.375
53,3,0,1590.0,238.5,95.4,63.6,1908.0
23,4,2,1902.5,368.609,147.444,98.296,2948.876
22,4,0,1547.75,232.162,92.865,61.91,1857.298
32,2,0,1215.25,182.288,72.915,48.61,1458.302
38,3,0,1367.75,205.162,82.065,54.71,1641.298
20,3,0,1355.25,203.288,81.315,54.21,1626.302
27,3,2,1550.0,300.312,120.125,80.083,2402.495
23,3,0,1234.0,185.1,74.04,49.36,1480.8
24,2,0,1353.75,203.062,81.225,54.15,1624.498
25,3,2,1742.5,337.609,135.044,90.029,2700.873
22,3,1,1820.0,312.812,125.125,83.417,2502.501
24,3,0,1917.5,287.625,115.05,76.7,2301.0
24,3,2,1319.0,255.556,102.223,68.148,2044.448
22,3,0,1486.25,222.938,89.175,59.45,1783.502
21,3,3,1272.75,274.437,109.775,73.183,2195.495
40,3,1,1390.25,238.949,95.58,63.72,1911.596
22,2,0,1733.75,260.062,104.025,69.35,2080.498
22,3,0,2016.25,302.438,120.975,80.65,2419.502
50,3,0,1373.75,206.062,82.425,54.95,1648.498
22,3,0,1269.0,190.35,76.14,50.76,1522.8
21,2,0,1402.75,210.412,84.165,56.11,1683.298
26,3,1,1169.0,200.922,80.369,53.579,1607.375
25,3,0,1520.25,228.038,91.215,60.81,1824.302
25,3,0,1330.0,199.5,79.8,53.2,1596.0
28,3,1,2237.5,384.57,153.828,102.552,3076.56
30,2,0,1375.0,206.25,82.5,55.0,1650.0
24,3,0,1896.25,284.438,113.775,75.85,2275.502
23,3,0,1371.25,205.688,82.275,54.85,1645.502
24,3,0,1866.25,279.938,111.975,74.65,2239.502
22,3,0,1836.25,275.438,110.175,73.45,2203.502
46,3,0,1367.5,205.125,82.05,54.7,1641.0
25,3,0,1891.25,283.688,113.475,75.65,2269.502
32,3,0,1029.0,154.35,61.74,41.16,1234.8
37,3,0,1425.25,213.788,85.515,57.01,1710.302
25,3,0,1591.25,238.688,95.475,63.65,1909.502
27,3,0,1912.5,286.875,114.75,76.5,2295.0
22,2,1,1491.25,256.309,102.523,68.349,2050.469
22,3,0,1509.0,226.35,90.54,60.36,1810.8
23,3,1,1740.0,299.062,119.625,79.75,2392.498
29,3,0,1414.0,212.1,84.84,56.56,1696.8
23,4,4,1905.0,452.438,180.975,120.65,3619.502
21,2,0,1500.0,225.0,90.0,60.0,1800.0
22,2,0,1947.5,292.125,116.85,77.9,2337.0
24,3,0,1937.5,290.625,116.25,77.5,2325.0
23,2,0,1421.25,213.188,85.275,56.85,1705.502
38,3,0,1415.25,212.288,84.915,56.61,1698.302
22,3,0,1395.0,209.25,83.7,55.8,1674.0
22,3,0,1676.25,251.438,100.575,67.05,2011.502
22,3,4,1149.0,272.888,109.155,72.77,2183.102
28,3,0,1635.0,245.25,98.1,65.4,1962.0
20,4,0,1857.5,278.625,111.45,74.3,2229.0
30,3,1,1755.0,301.641,120.656,80.438,2413.13
27,3,0,1422.75,213.412,85.365,56.91,1707.298
29,2,0,1328.75,199.312,79.725,53.15,1594.498
24,2,0,1666.25,249.938,99.975,66.65,1999.502
24,3,0,1333.75,200.062,80.025,53.35,1600.498
27,3,0,1560.25,234.038,93.615,62.41,1872.302
23,3,0,1591.25,238.688,95.475,63.65,1909.502
23,2,0,1650.0,247.5,99.0,66.0,1980.0
25,4,0,1868.75,280.312,112.125,74.75,2242.498
29,2,0,1820.0,273.0,109.2,72.8,2184.0
23,2,0,1112.75,166.912,66.765,44.51,1335.298
27,3,0,1712.5,256.875,102.75,68.5,2055.0
23,2,1,1698.75,291.973,116.789,77.859,2335.779
33,2,0,1332.75,199.912,79.965,53.31,1599.298
22,2,0,1670.0,250.5,100.2,66.8,2004.0
43,3,4,1783.75,423.641,169.456,112.971,3389.127
22,3,0,1521.5,228.225,91.29,60.86,1825.8
23,3,1,1521.25,261.465,104.586,69.724,2091.72
45,2,0,1232.75,184.912,73.965,49.31,1479.298
24,3,0,1353.75,203.062,81.225,54.15,1624.498
24,3,0,1993.75,299.062,119.625,79.75,2392.498
20,3,1,1240.25,213.168,85.267,56.845,1705.345
21,3,0,1703.75,255.562,102.225,68.15,2044.498
22,4,0,2138.75,320.812,128.325,85.55,2566.498
35,3,0,1156.5,173.475,69.39,46.26,1387.8
25,3,0,1594.0,239.1,95.64,63.76,1912.8
24,3,0,2053.75,308.062,123.225,82.15,2464.498
19,3,0,1800.0,270.0,108.0,72.0,2160.0
22,2,0,1645.0,246.75,98.7,65.8,1974.0
23,3,0,1290.0,193.5,77.4,51.6,1548.0
23,3,0,2130.0,319.5,127.8,85.2,2556.0
25,2,1,1811.25,311.309,124.523,83.016,2490.472
22,3,0,1446.5,216.975,86.79,57.86,1735.8
28,3,0,1555.25,233.288,93.315,62.21,1866.302
34,3,3,1367.75,294.921,117.968,78.646,2359.37
36,3,0,1506.5,225.975,90.39,60.26,1807.8
21,3,4,1182.75,280.903,112.361,74.907,2247.219
22,2,3,1410.25,304.085,121.634,81.089,2432.677
20,2,0,1470.25,220.538,88.215,58.81,1764.302
17,4,4,1542.5,366.344,146.538,97.692,2930.756
42,2,0,1237.75,185.662,74.265,49.51,1485.298
20,4,1,1687.5,290.039,116.016,77.344,2320.316
23,3,1,1872.5,321.836,128.734,85.823,2574.687
23,2,4,1722.5,409.094,163.638,109.092,3272.756
28,3,2,1696.25,328.648,131.459,87.64,2629.188
21,3,1,1285.25,220.902,88.361,58.907,1767.215
20,4,0,1867.5,280.125,112.05,74.7,2241.0
32,3,0,2025.0,303.75,121.5,81.0,2430.0
43,2,0,1525.25,228.788,91.515,61.01,1830.302
24,3,2,1828.75,354.32,141.728,94.485,2834.557
20,3,0,1465.0,219.75,87.9,58.6,1758.0
18,3,0,1630.25,244.538,97.815,65.21,1956.302
23,2,0,2023.75,303.562,121.425,80.95,2428.498
23,3,2,1632.5,316.297,126.519,84.346,2530.378
37,3,0,1821.25,273.188,109.275,72.85,2185.502
20,3,0,1417.5,212.625,85.05,56.7,1701.0
23,2,3,1632.5,352.008,140.803,93.869,2816.065
29,4,0,1381.5,207.225,82.89,55.26,1657.8
22,3,0,1160.25,174.038,69.615,46.41,1392.302
20,2,0,1270.25,190.538,76.215,50.81,1524.302
19,2,1,1600.0,275.0,110.0,73.333,2199.997
24,3,0,1950.0,292.5,117.0,78.0,2340.0
58,4,0,1563.75,234.562,93.825,62.55,1876.498
23,3,0,1901.25,285.188,114.075,76.05,2281.502
20,3,0,1966.25,294.938,117.975,78.65,2359.502
22,2,2,1776.25,344.148,137.659,91.773,2753.185
22,2,4,1880.0,446.5,178.6,119.067,3572.003
20,2,1,1736.25,298.418,119.367,79.578,2387.342
23,3,0,2243.75,336.562,134.625,89.75,2692.498
18,3,0,1873.75,281.062,112.425,74.95,2248.498
15,4,0,1292.75,193.912,77.565,51.71,1551.298
20,4,0,1875.0,281.25,112.5,75.0,2250.0
25,3,1,1673.75,287.676,115.07,76.714,2301.41
23,3,0,1440.0,216.0,86.4,57.6,1728.0
25,3,0,1972.5,295.875,118.35,78.9,2367.0
23,3,0,2028.75,304.312,121.725,81.15,2434.498
30,3,1,1908.75,328.066,131.227,87.484,2624.528
33,3,1,1902.5,326.992,130.797,87.198,2615.938
47,2,0,1019.0,152.85,61.14,40.76,1222.8
30,3,0,1436.25,215.438,86.175,57.45,1723.502
30,3,0,2098.75,314.812,125.925,83.95,2518.498
22,3,0,1110.25,166.538,66.615,44.41,1332.302
24,2,0,1287.75,193.162,77.265,51.51,1545.298
29,3,0,1665.25,249.788,99.915,66.61,1998.302
22,4,4,1728.75,410.578,164.231,109.488,3284.628
19,3,0,1244.0,186.6,74.64,49.76,1492.8
23,2,4,1600.0,380.0,152.0,101.333,3039.997
21,2,3,1733.75,373.84,149.536,99.691,2990.723
23,3,1,1781.25,306.152,122.461,81.641,2449.221
44,2,2,1770.0,342.938,137.175,91.45,2743.502
27,2,0,1521.25,228.188,91.275,60.85,1825.502
34,3,0,1119.0,167.85,67.14,44.76,1342.8
23,2,0,1713.75,257.062,102.825,68.55,2056.498
60,3,0,1310.25,196.538,78.615,52.41,1572.302
25,3,4,1384.0,328.7,131.48,87.653,2629.597
22,3,1,1850.0,317.969,127.188,84.792,2543.756
21,3,2,1272.75,246.595,98.638,65.759,1972.763
45,3,1,1522.5,261.68,104.672,69.781,2093.437
20,3,1,1627.75,279.77,111.908,74.605,2238.157
37,3,0,1680.0,252.0,100.8,67.2,2016.0
19,3,3,1184.0,255.3,102.12,68.08,2042.4
26,3,0,1249.0,187.35,74.94,49.96,1498.8
25,2,0,1414.0,212.1,84.84,56.56,1696.8
24,3,0,1619.0,242.85,97.14,64.76,1942.8
22,3,4,1527.5,362.781,145.112,96.742,2902.25
27,4,0,1664.0,249.6,99.84,66.56,1996.8
42,3,0,1587.75,238.162,95.265,63.51,1905.298
42,4,0,1205.25,180.788,72.315,48.21,1446.302
18,2,0,1473.75,221.062,88.425,58.95,1768.498
20,3,0,1489.0,223.35,89.34,59.56,1786.8
24,4,3,1678.75,361.98,144.792,96.528,2895.84
39,3,0,1054.0,158.1,63.24,42.16,1264.8
15,4,1,1600.0,275.0,110.0,73.333,2199.997
39,2,0,1462.75,219.412,87.765,58.51,1755.298
31,3,0,1607.75,241.162,96.465,64.31,1929.298
25,2,0,1570.0,235.5,94.2,62.8,1884.0
26,3,0,1209.0,181.35,72.54,48.36,1450.8
34,4,0,1683.75,252.562,101.025,67.35,2020.498
22,3,0,1147.75,172.162,68.865,45.91,1377.298
40,3,0,1409.0,211.35,84.54,56.36,1690.8
34,4,0,861.5,129.225,51.69,34.46,1033.8
55,3,0,1531.25,229.688,91.875,61.25,1837.502
20,3,3,1307.75,281.984,112.793,75.196,2255.872
24,3,0,1516.25,227.438,90.975,60.65,1819.502
44,4,0,1846.25,276.938,110.775,73.85,2215.502
20,3,0,1339.0,200.85,80.34,53.56,1606.8
26,2,0,1134.0,170.1,68.04,45.36,1360.8
25,3,0,1911.25,286.688,114.675,76.45,2293.502
56,3,0,1336.25,200.438,80.175,53.45,1603.502
21,2,0,1622.5,243.375,97.35,64.9,1947.0
22,3,1,1818.75,312.598,125.039,83.359,2500.779
22,3,0,1507.5,226.125,90.45,60.3,1809.0
21,2,2,1374.0,266.213,106.485,70.99,2129.702
21,3,0,1665.25,249.788,99.915,66.61,1998.302
46,4,0,1926.25,288.938,115.575,77.05,2311.502
23,4,0,1673.75,251.062,100.425,66.95,2008.498
23,3,0,1888.75,283.312,113.325,75.55,2266.498
25,3,0,1381.25,207.188,82.875,55.25,1657.502
33,3,0,1400.0,210.0,84.0,56.0,1680.0
32,3,0,1149.0,172.35,68.94,45.96,1378.8
22,3,0,1575.25,236.288,94.515,63.01,1890.302
23,2,1,2006.25,344.824,137.93,91.953,2758.593
26,3,0,1177.75,176.662,70.665,47.11,1413.298
21,3,1,1581.25,271.777,108.711,72.474,2174.218
18,3,0,1507.75,226.162,90.465,60.31,1809.298
24,2,0,1875.0,281.25,112.5,75.0,2250.0
30,3,0,1670.25,250.538,100.215,66.81,2004.302
25,3,0,1361.25,204.188,81.675,54.45,1633.502
47,4,0,1241.5,186.225,74.49,49.66,1489.8
29,4,0,1544.0,231.6,92.64,61.76,1852.8
28,4,0,1557.75,233.662,93.465,62.31,1869.298
23,2,1,1528.75,262.754,105.102,70.068,2102.036
19,3,0,1485.25,222.788,89.115,59.41,1782.302
22,3,0,1496.25,224.438,89.775,59.85,1795.502
39,3,0,1360.0,204.0,81.6,54.4,1632.0
38,4,0,1945.0,291.75,116.7,77.8,2334.0
20,3,1,1735.0,298.203,119.281,79.521,2385.625
26,2,1,1359.0,233.578,93.431,62.287,1868.619
22,3,2,1716.25,332.523,133.009,88.673,2660.185
21,2,0,1461.25,219.188,87.675,58.45,1753.502
28,2,0,1555.0,233.25,93.3,62.2,1866.0
22,3,2,1515.0,293.531,117.413,78.275,2348.251
20,2,2,1530.25,296.486,118.594,79.063,2371.887
18,3,0,1639.0,245.85,98.34,65.56,1966.8
23,3,0,1561.25,234.188,93.675,62.45,1873.502
42,3,0,1337.75,200.662,80.265,53.51,1605.298
25,2,1,1210.25,208.012,83.205,55.47,1664.098
20,2,2,1958.75,379.508,151.803,101.202,3036.062
25,2,0,1365.25,204.788,81.915,54.61,1638.302
21,2,3,1252.75,270.124,108.05,72.033,2160.993
24,3,0,1635.0,245.25,98.1,65.4,1962.0
22,2,1,1102.75,189.535,75.814,50.543,1516.283
25,3,0,1368.75,205.312,82.125,54.75,1642.498
22,2,0,1270.25,190.538,76.215,50.81,1524.302
24,2,1,1487.75,255.707,102.283,68.189,2045.661
30,3,0,1836.25,275.438,110.175,73.45,2203.502
43,3,2,1580.0,306.125,122.45,81.633,2448.997
25,2,0,1432.75,214.912,85.965,57.31,1719.298
21,2,0,1481.25,222.188,88.875,59.25,1777.502
23,4,0,1424.0,213.6,85.44,56.96,1708.8
21,2,0,1703.75,255.562,102.225,68.15,2044.498
23,2,0,1411.25,211.688,84.675,56.45,1693.502
30,3,0,1207.75,181.162,72.465,48.31,1449.298
24,3,0,1656.25,248.438,99.375,66.25,1987.502
30,3,0,1986.25,297.938,119.175,79.45,2383.502
20,3,0,1376.25,206.438,82.575,55.05,1651.502
27,3,0,1674.0,251.1,100.44,66.96,2008.8
22,2,0,1891.25,283.688,113.475,75.65,2269.502
22,2,1,1516.25,260.605,104.242,69.495,2084.843
22,4,0,1310.25,196.538,78.615,52.41,1572.302
22,3,1,1495.25,256.996,102.798,68.532,2055.964
25,2,0,1648.75,247.312,98.925,65.95,1978.498
28,4,0,1249.0,187.35,74.94,49.96,1498.8
21,2,4,1205.25,286.247,114.499,76.332,2289.972
37,3,0,1142.75,171.412,68.565,45.71,1371.298
22,3,1,1986.25,341.387,136.555,91.036,2731.092
18,3,0,1189.0,178.35,71.34,47.56,1426.8
47,3,0,1199.0,179.85,71.94,47.96,1438.8
24,3,0,2016.25,302.438,120.975,80.65,2419.502
24,3,0,1150.25,172.538,69.015,46.01,1380.302
25,3,0,1554.0,233.1,93.24,62.16,1864.8
26,3,0,1406.25,210.938,84.375,56.25,1687.502
26,4,0,1547.75,232.162,92.865,61.91,1857.298
22,2,0,1159.0,173.85,69.54,46.36,1390.8
25,2,0,1248.75,187.312,74.925,49.95,1498.498
22,3,3,1531.5,330.23,132.092,88.061,2641.837
21,3,0,1440.0,216.0,86.4,57.6,1728.0
27,3,0,2041.25,306.188,122.475,81.65,2449.502
22,4,2,1826.25,353.836,141.534,94.356,2830.684
24,3,2,1493.75,289.414,115.766,77.177,2315.313
25,2,0,1172.75,175.912,70.365,46.91,1407.298
22,2,1,1607.5,276.289,110.516,73.677,2210.313
22,3,0,1689.0,253.35,101.34,67.56,2026.8
27,4,2,1632.5,316.297,126.519,84.346,2530.378
22,2,0,1409.0,211.35,84.54,56.36,1690.8
18,3,0,1343.75,201.562,80.625,53.75,1612.498
28,2,0,1795.0,269.25,107.7,71.8,2154.0
15,2,4,1420.0,337.25,134.9,89.933,2697.997
